X,Y,id_propi,POBLADO de,Poblado IG,PROVINCIA,ANYO,coord_X,coord_Y,Entidad��_,field_15
233479.0683,4120122.909,1,Adriano,Marisma y Puntales Adriano,Sevilla,1965,-6.00251966,37.18954525,,
203745.7458,4495915.477,2,��_gueda del Castillo,��_gueda del Caudillo,Salamanca,1949,-6.49912514,40.56102988,,
216727.0904,4430097.081,3,Alag��_n del Caudillo,Alag��_n del R��_o,C��_ceres,1957,-6.31697452,39.97359138,,
334890.1409,4419643.235,4,Alberche del Caudillo,Alberche del Caudillo,Toledo,1952,-4.93170682,39.91080127,,
635892.5355,4685440.623,7,Alera,Alera,Zaragoza,1960,-1.35114641,42.3093526,,
372137.4478,4206793.882,8,Algallar��_n,Algallar��_n,C��_rdoba,1953,-4.45629543,37.99980465,,
244389.6217,4332444.204,10,Alonso Ojeda,Alonso de Ojeda,C��_ceres,1964,-5.95595098,39.10369107,,
170766.1794,4302352.387,11,Alvarado,Alvarado,Badajoz,1961,-6.79133648,38.80844644,,
289140.4377,4537793.319,12,Amatos,Amatos,Salamanca,1962,-5.50572878,40.96407912,,
135760.7105,4800189.961,13,Arneiro,Arneiro,Lugo,1958,-7.48789463,43.26643242,,
201992.3731,4498290.55,14,Arrabal de San Sebasti��_n,Arrabal de San Sebasti��_n,Salamanca,1953,-6.52091819,40.58175749,,
495648.7121,4212073.145,15,Arroturas,Arroturas,Ja��_n,1956,-3.0495986,38.05639312,,
700642.1749,4652990.236,16,Artasona del Llano,Artasona del Llano,Huesca,1952,-0.57724968,42.00337234,,
574888.4699,4081992.708,17,Atochares,Atochares,Almer��_a,1960,-2.15964731,36.88092472,,
168969.7736,4313153.115,18,Balboa,Balboa,Badajoz,1955,-6.81717629,38.90488921,,
188830.8771,4308936.025,19,Barba��_o,Barba��_o,Badajoz,1953,-6.58667501,38.87422139,,
237586.1773,4059796.175,20,Barca de la Florida,La Barca de la Florida,C��_diz,1956,-5.93539845,36.64761049,,
205138.456,4723145.683,21,B��_rcena del Caudillo,B��_rcena del Bierzo,Le��_n,1956,-6.59438491,42.60435394,,
648592.3232,4670790.494,22,B��_rdena del Caudillo,Bardenas,Zaragoza,1953,-1.20087584,42.17515591,,
291889.6205,4436393.664,23,Barquilla de Pinares,Barquilla de Pinares,C��_ceres,1957,-5.43976784,40.0521152,,
452582.8201,4272563.066,24,Baz��_n,Baz��_n,Ciudad Real,1955,-3.54454237,38.60029566,,
453390.6846,4490392.404,25,Belv��_s del Jarama,Belvis del Jarama,Madrid,1949,-3.55058119,40.56299112,,
302966.9714,4185430.757,26,Bembezar del Caudillo,Bemb��_zar del Caudillo,C��_rdoba,1958,-5.23782222,37.79501586,,
363515.0712,4420292.998,27,Bernuy,Bern��_y,Toledo,1946,-4.5970802,39.92174824,,
178071.4875,4251074.82,28,Brovales,Brovales,Badajoz,1958,-6.68371324,38.34999409,,
412197.74,4107044.212,29,Buenavista,Buenavista,Granada,1957,-3.98816243,37.10560345,,
238040.0216,4164113.523,30,Burguillos,Burguillos,Sevilla,1954,-5.96677775,37.58682997,,
462888.3482,4061794.463,31,Calahonda,Calahonda,Granada,1959,-3.41547528,36.70108908,,
330820.164,4416427.273,32,Calera y Chozas,Calera y Chozas,Toledo,1952,-4.97846399,39.88104005,,
290437.9194,4171994.941,33,Calonge,El Calonge,C��_rdoba,1954,-5.37614093,37.67123118,,
441438.4856,4201443.647,34,Campillo del R��_o,Campillo del R��_o,Ja��_n,1953,-3.66663066,37.95871241,,
577338.449,4088222.724,35,Campo Hermoso,Campohermoso,Almer��_a,1958,-2.1315216,36.93688158,,
548717.5149,4127153.93,36,Camponuevo del Caudillo,La Mojonera,Almer��_a,1958,-2.45037487,37.28971659,,
642664.8782,4711695.503,37,Camporreal,Campo Real,Zaragoza,1959,-1.26249328,42.54448466,,
719192.013,4634290.084,38,Cantalobos,Cantalobos,Huesca,1956,-0.3604283,41.83017935,,
613689.5577,4258592.503,40,Ca��_ada del Agra,Ca��_ada de Agra,Albacete,1962,-1.69678356,38.46840943,,
454988.4038,4150069.211,41,Ca��_atalba Alta,Domingo P��_rez de Granada,Granada,1965,-3.50921227,37.49644964,NO,
241959.1803,4512253.408,42,Carrascalejo de Huebra,Carrascalejo de Huebra,Salamanca,1960,-6.05513098,40.7207914,,
354261.2106,4063949.626,43,C��_rtama,C��_rtama,M��_laga,1965,-4.63171653,36.71005782,,
725441.9558,4626190.013,44,Cartuja de Monegros,La Cartuja de Monegros,Huesca,1956,-0.28832056,41.75555045,,
254789.4993,4334144.128,45,Casar de Miajadas,Casar de Miajadas,C��_ceres,1962,-5.83643806,39.12197693,,
279786.7275,4022095.885,46,Castellar de la Frontera,Castellar de la Frontera,C��_diz,1968,-5.45303398,36.31874497,,
275487.5112,4507227.141,47,Castillejo,Castillejo,Salamanca,1959,-5.65680259,40.68538215,,
232786.14,4059496.247,48,Castillo de Do��_a Blanca,San Isidro del Guadalete,C��_diz,1964,-5.98892232,36.64357559,,
346237.2541,4067994.734,49,Cerralba,Cerralba,M��_laga,1962,-4.72233235,36.74524223,,
301279.9469,4181123.795,50,C��_spedes,C��_spedes,C��_rdoba,1958,-5.25578966,37.75586091,,
234988.2903,4115796.299,51,Chapatales,Los Chapatales,Sevilla,1963,-5.98400522,37.15102702,,
291670.4511,4531943.278,52,Cilloruelo,Cilloruelo,Salamanca,1961,-5.47372439,40.91207857,,
479638.3882,4336162.228,53,Cinco Casas,Cinco Casas,Ciudad Real,1957,-3.23572473,39.17444993,,
237176.2668,4329504.482,55,Conquista,Conquista del Guadiana,Badajoz,1964,-6.03812408,39.07509402,,
722942.1249,4642840.02,56,Corbaz,Curbe,Huesca,1956,-0.3120932,41.90605649,,
460456.387,4061989.474,57,Corchuna,Carchuna,Granada,1964,-3.44271113,36.7027489,,
346886.6562,4136119.48,58,Cordobilla,Cordobilla,C��_rdoba,1964,-4.72893409,37.3591695,,
705190.3776,4363791.284,60,Cortichelles,Cortichelles,Val��_ncia/Valencia,1962,-0.61705517,39.39923909,,
451760.3726,4434022.5,61,Cortijo de San Isidro,Cortijo de San Isidro,Madrid,1947,-3.56558652,40.05506818,,
498065.2484,4162989.393,62,Cortijo Nuevo,Cortijo Nuevo,Ja��_n,1959,-3.02192216,37.61400218,,
458058.4727,4152114.176,63,Cotilfar Baja,Cotilfar,Granada,1959,-3.47459865,37.51502622,,
259886.5952,4081795.951,64,Coto de Bornos,Coto de Bornos,C��_diz,1952,-5.69312301,36.8516,,
467838.4755,4197843.866,66,Donad��_o,Donad��_o,Ja��_n,1954,-3.36595536,37.92758733,,
357816.4495,4064738.195,67,Do��_a Ana,Do��_a Ana,M��_laga,1965,-4.592072222,36.7177028,,
462214.4353,4226096.511,68,El Arquillo,Arquillos,Ja��_n,1960,-3.43144008,38.18199961,,
211761.6947,4430287.649,69,El Bat��_n,El Bat��_n,C��_ceres,1957,-6.37510672,39.97362793,,
643342.3457,4672140.51,70,El Bayo,El Bayo,Zaragoza,1954,-1.26408018,42.18828818,,
319510.2206,4406593.41,71,El Bercial,El Bercial,Toledo,1953,-5.10793594,39.79016548,,
441788.0281,4123544.045,73,El Chaparral,El Chaparral,Granada,1957,-3.65645197,37.25663334,,
228874.6354,4083079.829,74,El Cuervo,El Cuervo,Sevilla,1946,-6.04099329,36.85477238,,
284888.9701,4174244.993,75,El Priorato,El Priorato,Sevilla,1964,-5.43967049,37.69020938,,
457088.4323,4064904.44,76,El Puntal��_n,Puntal��_n,Granada,1960,-3.48057961,36.72887981,,
691629.2567,4230412.026,77,El Realengo,El Realengo,Alacant/Alicante,1959,-0.8114988,38.20128234,,
686292.1484,4649440.368,78,El Temple,El Temple,Huesca,1946,-0.7515171,41.9749501,,
234386.0798,4056796.194,79,El Torno,El Torno,C��_diz,1943,-5.97011419,36.61971497,,
261589.408,4328394.049,81,El Torviscal,El Torviscal,Badajoz,1957,-5.75585034,39.07210871,,
237888.2067,4110846.295,82,El Trobal,El Trobal,Sevilla,1962,-5.94966067,37.10728318,,
330337.6682,4188894.137,83,Encinarejo,Encinarejo de C��_rdoba,C��_rdoba,1948,-4.9279429,37.83170839,,
264339.3344,4319794.063,84,Entrerr��_os,Entrerr��_os,Badajoz,1955,-5.72112444,38.99544596,,
424338.4866,4209743.597,85,Espeluy,Espel��_y,Ja��_n,1961,-3.86214441,38.03224667,,
239838.9548,4159495.57,86,Esquivel,Esquivel,Sevilla,1951,-5.94479073,37.54577104,,
645189.6429,4258492.378,87,Estacada,La Estacada,Murcia,1969,-1.33584653,38.46293508,,
225225.7089,4064334.346,88,Estella del Marqu��_s,Estella del Marqu��_s,C��_diz,1954,-6.07511451,36.68497684,,
634418.5764,4690044.66,89,Figarol,Figarol,Navarra,1962,-1.36795222,42.35105611,,
331360.8907,4589018.121,90,Foncast��_n de Oliegos,Foncast��_n,Valladolid,1946,-5.01846236,41.43503507,,
289840.4403,4532793.282,91,Francos,Nuevo Francos,Salamanca,1963,-5.49572239,40.91926042,,
279006.5006,4510128.168,92,Fresno Alh��_ndiga,Fresno Alh��_ndiga,Salamanca,1958,-5.6162236,40.71243985,,
384329.7748,4680456.484,93,Fr��_mista,Fr��_mista,Palencia,1971,-4.40256752,42.26774321,,
711642.0752,4643010.151,94,Frula,Frula,Huesca,1954,-0.44813757,41.91069464,,
419881.8081,4115385.162,95,Fuensanta,Fuensanta,Granada,1956,-3.90258592,37.18147032,,
201193.7077,4720005.13,96,Fuentes Nuevas,FuentesNuevas,Le��_n,1956,-6.64073254,42.57461047,,
639681.855,4711364.532,97,Gabarderal,Gabarderal,Navarra,1959,-1.2988885,42.54205033,,
270489.3337,4325943.982,98,Garg��_ligas,Garg��_ligas,Badajoz,1956,-5.65225272,39.05243945,,
363891.7412,4657393.555,99,Gasc��_n de la Nava,Casc��_n de la Nava,Palencia,1959,-4.64491028,42.05681712,,
158238.3645,4315376.376,100,G��_nova del Caudillo,G��_vora,Badajoz,1954,-6.94176112,38.92076821,,
782222.1744,4616706.161,101,Gimenells,Gimenells,Lleida,1945,0.38912494,41.65214356,,
369111.8403,4656980.521,102,Grijotas,Grijota,Palencia,1970,-4.58175519,42.05398524,,
180526.19,4306834.311,103,Guadajira,Guadajira,Badajoz,1955,-6.68124091,38.8523435,,
224150.3114,4067558.342,104,Guadalcac��_n del Caudillo,Guadalcac��_n,C��_diz,1954,-6.08829577,36.71368718,,
248138.0355,4104796.159,105,Guadalema,Guadalema de los Quintero,Sevilla,1947,-5.83241704,37.05562483,,
455588.4897,4221693.475,106,Guadal��_n del Caudillo,Guadal��_n,Ja��_n,1953,-3.50681861,38.1420158,,
446238.5029,4208293.47,107,Guadalimar,Guadalimar,Ja��_n,1954,-3.61250609,38.02074267,,
180102.574,4315428.141,108,Guadiana del Caudillo,Guadiana del Caudillo,Badajoz,1948,-6.69011476,38.92947238,,
456990.8806,4610021.796,109,Guma,Guma,Burgos,1951,-3.51642812,41.6407738,,
246089.5377,4323844.213,110,Hern��_n Cort��_s,Hern��_n Cort��_s,Badajoz,1962,-5.93310939,39.02679282,,
198797.2053,4501287.704,111,Ivanrey,Ivanrey,Salamanca,1954,-6.56003071,40.60755015,,
240236.2557,4062336.151,112,Jos��_ Antonio,Jos��_ Antonio,C��_diz,1956,-5.90664936,36.67120529,,
176141.2206,4318382.377,113,La Alcazaba,Alcazaba,Badajoz,1956,-6.7371165,38.95458504,,
172402.3684,4243019.316,114,La Bazana,La Bazana,Badajoz,1954,-6.74472301,38.27549548,,
155295.9584,4829500.018,115,La Espi��_eira,A Espi��_eira,Lugo,1958,-7.2663284,43.53880694,,
229046.6107,4058708.941,117,La Ina,La Ina,C��_diz,1952,-6.03042033,36.63543155,,
660541.8229,4622790.896,118,La Joyosa y Marlofa,Marlofa,Zaragoza,1954,-1.06936136,41.74072416,,
660240.8257,4623239.899,119,La Joyosa y Marlofa,La Joyosa,Zaragoza,1954,-1.07285821,41.74482682,,
191416.3038,4444850.848,120,La Moheda,La Moheda de Gata,C��_ceres,1954,-6.61983272,40.09740035,,
330462.2199,4154694.582,121,La Montiela,La Montiela,C��_rdoba,1964,-4.91857547,37.52365144,,
246536.3504,4065646.069,122,La Pedrosa,La Pedrosa,C��_diz,1960,-5.83732864,36.70270644,,
416488.3906,4208043.666,123,La Quinter��_a,La Quinter��_a,Ja��_n,1953,-3.95138538,38.01623764,,
379090.0368,4410892.92,124,La Rinconada,Rinconada,Toledo,1949,-4.41314583,39.83944634,,
403238.3073,4212393.665,125,La Ropera,La Ropera,Ja��_n,1953,-4.10289741,38.05411817,,
296153.9522,4178588.868,126,La Vereda,La Vereda,Sevilla,1964,-5.31322386,37.73190372,,
459269.8817,4608921.746,127,La Vid,Linares de la Vid,Burgos,1946,-3.48898931,41.63098543,,
192401.9194,4315434.428,128,L��_cara,L��_cara,Badajoz,1961,-6.54849939,38.93392561,,
425846.8516,4117007.131,129,L��_char,L��_char,Granada,1943,-3.83555349,37.19658225,,
532887.9833,4065193.003,130,Las Marinas,Las Marinas,Almer��_a,1959,-2.63166269,36.73188143,,
601038.7109,4146592.597,131,Las Norias,Las Norias,Almer��_a,1958,-1.85751841,37.46068691,,
354680.0763,4424633.05,132,Las Vegas,Las Vegas,Toledo,1952,-4.7013894,39.95936461,,
359647.3931,4104024.748,133,Llanos de Antequera,Llanos de Antequera,M��_laga,1967,-4.57885449,37.07199315,,
469639.2796,4329942.332,134,Llanos del Caudillo,Llanos del Caudillo,Ciudad Real,1953,-3.35120326,39.11811103,,
404488.283,4210093.702,135,Llanos del Caudillo,Llanos del Sotillo,Ja��_n,1956,-4.08834561,38.03352554,,
415112.7818,4115919.184,136,Loreto,Loreto,Granada,1956,-3.9563663,37.18586198,,
708890.4155,4373941.263,137,Loriguilla,Loriguilla,Val��_ncia/Valencia,1961,-0.57094704,39.48972714,,
272889.3448,4329593.965,138,Los Guadalperales,Los Guadalperales,Badajoz,1957,-5.62576318,39.08592299,,
439145.9644,4273490.126,139,Los Mirones,Los Mirones,Ciudad Real,1958,-3.69892376,38.60782996,,
413538.3654,4209093.666,140,Los Villares,Los Villares,Ja��_n,1948,-3.98511499,38.02542305,,
243138.1868,4113596.193,141,Marib��_��_ez,Marib��_��_ez,Sevilla,1964,-5.89159178,37.13349436,,
709150.3944,4394541.36,142,Marines,Marines,Val��_ncia/Valencia,1961,-0.56143173,39.67511213,,
232988.0898,4098796.427,143,Marismillas,Marismillas,Sevilla,1965,-6.00045818,36.99742688,,
134073.4077,4789442.466,145,Matodoso,O Matodoso,Lugo,1958,-7.50150401,43.1691368,,
302737.9554,4182994.769,146,Mesas de Guadalora,Mesas del Guadalora,C��_rdoba,1958,-5.23975895,37.77302713,,
610139.5363,4257692.518,147,Mingogil,Mingogil,Albacete,1959,-1.73760932,38.46074617,,
453457.4862,4216564.473,148,Miralr��_o,Miraelr��_o,Ja��_n,1964,-3.53080169,38.0956841,,
497138.6935,4214043.095,149,Mog��_n,Mog��_n,Ja��_n,1954,-3.03262278,38.07415382,,
716292.0637,4640340.104,150,Montesus��_n,Montesus��_n,Huesca,1954,-0.39310393,41.8854117,,
283340.3992,4537143.285,151,Naharros,Nuevo Naharros,Salamanca,1963,-5.57435998,40.95671127,,
617521.5923,4261041.48,152,Nava de Campana,Nava Campa��_a,Albacete,1959,-1.65245746,38.48997705,,
167713.3743,4316917.25,153,Novelda del Guadiana,Novelda del Guadiana,Badajoz,1954,-6.83345739,38.93825932,,
229262.4429,4072372.856,154,Nueva Jarilla,NuevaJarilla,C��_diz,1953,-6.0328419,36.75849887,,
284209.3105,4332693.917,155,Obando,Obando,Badajoz,1960,-5.49598963,39.11670385,,
11574.36256,4708882.826,156,Ons,Ons,Pontevedra,1965,-8.93192602,42.37856096,,
685892.0786,4645090.412,157,Ontinar del Salz,Ontinar de Salz,Zaragoza,1944,-0.75771559,41.93589572,,
213757.7538,4423915.672,158,Pajares de la Rivera,Pajares de la Rivera,C��_ceres,1965,-6.34897302,39.91699334,,
263009.4224,4332494.031,159,Palazuelos,Palazuelo,Badajoz,1961,-5.74088272,39.10939882,,
535758.0167,4073942.985,160,Parador de la Asunci��_n,El Parador de las Hortichuelas,Almer��_a,1954,-2.59910925,36.81065482,,
512443.1305,4435140.901,161,Paredes de Melo,Paredes,Cuenca,1952,-2.85408563,40.06643325,,
423987.8326,4114644.144,162,Pe��_uelas,Pe��_uelas,Granada,1956,-3.85625821,37.17513474,,
637292.3872,4672890.551,163,Pinsoro,Pinsoro,Zaragoza,1954,-1.33713946,42.1961256,,
231768.0374,4111480.805,164,Pinz��_n,Pinz��_n,Sevilla,1963,-6.01867446,37.1112622,,
258739.4796,4337294.095,165,Pizarro,Pizarro,C��_ceres,1961,-5.79191857,39.15143044,,
779119.4268,4620428.748,166,Pla de la Font,El Pla de la font,Lleida,1956,0.35366543,41.68670811,,
194961.2115,4716294.224,167,Posada del Bierzo,Posada del Bierzo,Le��_n,1956,-6.7145359,42.53882486,,
225422.2754,4433430.861,168,Pradochano,Pradochano,C��_ceres,1965,-6.21672013,40.0064483,,
307307.9,4179924.712,169,Puebla de Parrilla,Puebla de la Parrilla,C��_rdoba,1969,-5.18709123,37.74635074,,
258889.4547,4332694.08,170,Puebla de Alcollar��_n,Puebla de Alcollar��_n,Badajoz,1959,-5.78855043,39.11006977,,
205040.6472,4431984.207,171,Puebla de Argeme,Puebla de Argeme,C��_ceres,1957,-6.45444217,39.9865689,,
531488.016,4072793.039,172,Puebla de Vicar,Puebla de V��_car,Almer��_a,1966,-2.64702784,36.80044031,Puebla de V��_car,
577258.468,4085342.721,173,Pueblo Blanco,Pueblo Blanco,Almer��_a,1959,-2.13271375,36.91092921,Pueblo Blanco,
391588.6105,4351292.929,174,Pueblo Nuevo de Bullanque,Pueblonuevo del Bullaque,Ciudad Real,1954,-4.25736522,39.30424043,Pueblonuevo de Bullaque,
297089.5839,4437093.585,175,Pueblo Nuevo de Miramontes,Pueblonuevo de Miramontes,C��_ceres,1957,-5.37907589,40.0596832,Pueblonuevo de Miramontes,
174342.5032,4314925.347,176,Pueblo Nuevo del Guadiana,Pueblonuevo del Guadiana,Badajoz,1952,-6.75618834,38.92283324,Pueblonuevo de Guadiana,
452468.4597,4200493.722,177,Puente del Obispo,Puente del Obispo,Ja��_n,1956,-3.54101472,37.9507956,Puente del Obispo,
730741.3964,4554390.153,179,Puigmoreno,Puigmoreno,Teruel,1953,-0.25204718,41.10803992,Puigmoreno,
617552.6441,4686329.784,181,Rada,Rada,Navarra,1954,-1.57342074,42.32034156,Rada,
206863.8416,4344042.488,182,Rinc��_n de Ballesteros,Rinc��_n de Ballesteros,C��_ceres,1954,-6.39425901,39.19621879,Rinc��_n de Ballesteros,
201825.9244,4429859.496,183,Rinc��_n del Obispo,Rinc��_n del Obispo,C��_ceres,1956,-6.49105248,39.96633363,Rinc��_n del Obispo,
311287.908,4184824.613,184,Rivero de Posadas,Rivero de Posadas,C��_rdoba,1962,-5.14322066,37.79131326,Rivero de Posadas,
428566.8637,4113375.121,185,Romilla la Nueva,Romilla la Nueva,Granada,1956,-3.80456007,37.16405818,Romilla la Nueva,
534355.9951,4068836.991,186,Roquetas de Mar,Roquetas de Mar,Almer��_a,1954,-2.6150576,36.76467854,Roquetas de Mar,
292518.5804,4428089.594,187,Rosalejo,Rosalejo,C��_ceres,1956,-5.42974668,39.97751985,Rosalejo,
251119.4829,4325092.17,188,Ruecas,Ruecas,Badajoz,1956,-5.87552916,39.0394704,Ruecas,
646142.1599,4660740.563,189,Sabinar,El Sabinar,Zaragoza,1953,-1.23304505,42.0851461,El Sabinar,
241807.0634,4102224.275,190,Sacramento,Sacramento,Sevilla,1965,-5.90264997,37.03075012,Sacramento,
161690.8127,4315338.305,191,Sagrajas,Sagrajas,Badajoz,1954,-6.90200944,38.92176282,Sagrajas,
527287.9745,4063093.08,192,San Agust��_n de Dalias,San Agust��_n,Almer��_a,1968,-2.69445551,36.71312878,San Agust��_n,
354902.0759,4424643.048,193,San Antonio,San Antonio,Toledo,1949,-4.69879356,39.95949276,San Antonio,
714766.4677,4382068.123,194,San Antonio de Benagever,San Antonio de Benag��_ber,Val��_ncia/Valencia,1949,-0.50005481,39.5614377,San Antonio de Benag��_ber,
366526.4949,4202301.934,195,San Antonio del Carpio,San Antonio,C��_rdoba,1954,-4.51934654,37.95852469,San Antonio,
394691.6029,4609493.27,196,San Bernardo,San Bernardo,Valladolid,1954,-4.26426462,41.63022058,San Bernardo,
599183.6694,4142144.613,197,San Francisco,San Francisco,Almer��_a,1964,-1.87908849,37.42080247,San Francisco,
143110.6985,4296746.664,198,San Francisco de Olivenza,San Francisco de Olivenza,Badajoz,1954,-7.10617993,38.74730056,San Francisco de Olivenza,
223242.0781,4429985.911,199,San Gil,San Gil,C��_ceres,1965,-6.24075668,39.9747483,San Gil,
235318.9929,4159645.632,200,San Ignacio del Viar,San Ignacio del Viar,Sevilla,1954,-5.99594325,37.54583527,San Ignacio del Viar,
573588.4403,4085142.708,201,San Isidro,San Isidro de N��_jar,Almer��_a,1964,-2.17392811,36.90941997,San Isidro de N��_jar,
689354.2746,4227022.039,202,San Isidro de Albatera,San Isidro,Alacant/Alicante,1953,-0.83836588,38.17123285,San Isidro,
723510.4347,4382991.112,203,San Isidro de Benagever,San Isidro de Benag��_ber,Val��_ncia/Valencia,1950,-0.39805835,39.56751247,San Isidro de Benag��_ber,
232786.14,4059496.247,204,San Isidro de Guadalete,San Isidro del Guadalete,C��_diz,1957,-5.98892232,36.64357559,San Isidro del Guadalete,
573588.4403,4085142.708,205,San Isidro de N��_jar,San Isidro de N��_jar,Almer��_a,1964,-2.17392811,36.90941997,San Isidro de N��_jar,
634020.6524,4699449.678,206,San Isidro del Pinar,San Isidro del Pinar,Navarra,1959,-1.37059252,42.43579254,San Isidro del Pinar,
694892.1797,4652140.274,207,San Jorge,San Jorge,Huesca,1954,-0.6469053,41.99716751,San Jorge,
736176.0326,4630444.912,208,San Juan de Flumen,Sari��_ena,Huesca,1956,-0.15766688,41.79070883,Sari��_ena,
394038.2573,4207543.766,209,San Juli��_n,San Juli��_n,Ja��_n,1951,-4.20702235,38.00938595,San Juli��_n,
233538.1424,4102546.4,210,San Leandro,San Leandro,Sevilla,1965,-5.99561075,37.0313404,San Leandro,
727856.0694,4635887.985,211,San Lorenzo de Flumen,Lalueza,Huesca,1956,-0.25559198,41.84211095,Lalueza,
478867.5554,4200059.69,212,San Miguel,San Miguel,Ja��_n,1954,-3.24052546,37.94788171,San Miguel,
324891.0072,4621993.419,213,San Rafael de la Santa Espina,La Santa Espina,Valladolid,1954,-5.10547625,41.7304699,La Santa Espina,
147549.3875,4293445.1,214,San Rafael de Olivenza,San Rafael de Olivenza,Badajoz,1954,-7.05354984,38.7194039,San Rafael de Olivenza,
643242.0401,4649590.745,215,Sancho Abarca,Sancho Abarca,Zaragoza,1954,-1.27081765,41.98530436,Sancho Abarca,
204436.1448,4496921.345,216,Sanjuanejo,Sanjuanejo,Salamanca,1955,-6.49145565,40.57032137,Sanjuanejo,
646236.255,4666781.515,217,Santa Anastasia,Santa Anastasia,Zaragoza,1953,-1.23039538,42.13951038,Santa Anastasia,
286690.5372,4509593.156,218,Santa In��_s,Santa In��_s,Salamanca,1956,-5.52515999,40.70965004,Santa In��_s,
280509.6842,4432143.696,219,Santa Mar��_a de las Lomas,Santa Mar��_a de las Lomas,C��_ceres,1957,-5.57161813,40.01097755,Santa Mar��_a de las Lomas,
382052.7111,4346243.035,220,Santa Quiteria,Santa Quiteria,Ciudad Real,1954,-4.3670505,39.25750236,Santa Quiteria,
491057.6744,4208992.271,222,Santo Tom��_,Santo Tom��_,Ja��_n,1954,-3.10189147,38.02859203,Santo Tom��_,
279889.0117,4175795.019,223,Setefilla,Setefilla,Sevilla,1965,-5.49679674,37.70298057,Setefilla,
663399.8117,4622729.869,224,Sobradiel,Sobradiel,Zaragoza,1946,-1.03502791,41.7395923,Sobradiel,
727892.1284,4641239.973,225,Sodeto,Sodeto,Huesca,1956,-0.25309629,41.89024982,Sodeto,
484894.5995,4204478.48,226,Solana de Torralba,Solana de Torralba,Ja��_n,1954,-3.17202003,37.9878281,Solana de Torralba,
530567.9844,4065513.036,227,Solanillo,El Solanillo,Almer��_a,1968,-2.65763286,36.734844,El Solanillo,
447438.472,4200643.674,228,Sotogordo,Sotogordo,Ja��_n,1956,-3.5982754,37.95186985,Sotogordo,
783893.6462,4622286.23,229,Suchs,Sucs,Lleida,1945,0.41181488,41.70172176,Sucs,
252085.6341,4007935.716,230,Tahivilla,Tahivilla,C��_diz,1947,-5.75681512,36.18450357,Tahivilla,
338340.1214,4422243.2,231,Talavera la Nueva,Talavera la Nueva,Toledo,1952,-4.89200918,39.9348792,Talavera la Nueva,
288488.6353,4433956.673,232,Tietar del Caudillo,Ti��_tar,C��_ceres,1957,-5.47880913,40.02933294,Ti��_tar,
232506.1233,4155987.202,233,Torre de la Reina,Torre de la Reina,Sevilla,1952,-6.02640987,37.51209388,Torre de la Reina,
236822.0652,4055536.152,234,Torrecera,Torrecera,C��_diz,1945,-5.94247607,36.60904634,Torrecera,
230559.5244,4319678.601,235,Torrefresneda,Torrefresneda,Badajoz,1964,-6.11062501,38.98466393,Torrefresneda,
241438.1213,4106546.264,236,Trajano,Trajano,Sevilla,1964,-5.90827835,37.06955827,Trajano,
250548.0205,4105446.112,237,Troya,El Palmar de Troya,Sevilla,1947,-5.80555992,37.06212049,El Palmar de Troya,
442351.9152,4270980.138,238,Umbr��_a de Fresnedas,Umbr��_a de Fresnedas,Ciudad Real,1961,-3.66189721,38.58542563,Umbr��_a de Fresnedas,
242489.6159,4327494.22,239,Vadehornillo,Valdehornillos,Badajoz,1962,-5.97602186,39.05858702,Valdehornillos,
443752.4751,4199689.687,240,Vados de Torralba,Vados de Torralba,Ja��_n,1956,-3.64015389,37.94305131,Vados de Torralba,
639692.2596,4666040.525,241,Valare��_a,Valare��_a,Zaragoza,1954,-1.30972756,42.13403344,Valare��_a,
160016.0486,4320364.368,242,Valdebotoa,Valdeb��_toa,Badajoz,1957,-6.92377768,38.96630172,Valdeb��_toa,
486198.6193,4202593.41,243,Valdecazorla,Valdecazorla,Ja��_n,1954,-3.1571337,37.97085893,Valdecazorla,
208593.6452,4423939.551,244,Valdec��_n,Valdenc��_n,C��_ceres,1964,-6.40930271,39.91544833,Valdenc��_n,
255949.817,4427393.808,245,Valde��_nigos,Valde��_��_igos,C��_ceres,1950,-5.85726577,39.9614959,Vald��_��_igos,
179035.7377,4311035.417,246,Valdelacalzada,Valdelacalzada,Badajoz,1947,-6.70034284,38.88958069,Valdelacalzada,
225954.3193,4439040.99,247,Valderrosas,Valderrosas,C��_ceres,1968,-6.21286592,40.05708736,Valderrosas,
211550.9371,4364034.003,248,Valdesalor,Valdesalor,C��_ceres,1954,-6.34863659,39.3776208,Valdesalor,
265389.3531,4324024.026,249,Valdivia,Valdivia,Badajoz,1956,-5.71046689,39.03380288,Valdivia,
709762.1239,4647440.16,250,Valfonda de Santa Ana,Valfonda de Santa Ana,Huesca,1957,-0.46920739,41.95105711,Valfonda de Santa Ana,
733741.4323,4556540.101,251,Valmuel del Caudillo,Valmuel,Teruel,1952,-0.21554115,41.12652649,Valmuel,
212301.2309,4434318.059,252,Valr��_o,Valr��_o,C��_ceres,1965,-6.37058281,40.01006194,Valr��_o,
694572.2889,4657790.23,253,Valsalada,Valsalada,Huesca,1954,-0.64889105,42.04809078,Valsalada,
136783.0479,4794036.038,254,Vega de Pumar,A Veiga do Pumar,Lugo,1958,-7.4712861,43.21168027,A Veiga do Pumar,
278389.3429,4334243.94,255,Vegas Altas,Vegas Altas,Badajoz,1957,-5.56375152,39.12919703,Vegas Altas,
291338.9555,4176194.931,256,Vegas de Almenara,Vegas de Almenara,Sevilla,1963,-5.3671351,37.70926023,Vegas de Almenara,
407288.2791,4208243.723,257,Vegas de Triana,Vegas de Triana,Ja��_n,1957,-4.05620566,38.01714578,Vegas de Triana,
182794.7435,4438917.738,258,Vegaviana,Vegaviana,C��_ceres,1954,-6.7178638,40.04085502,Vegaviana,
775081.7503,4622389.11,259,Vencill��_n,Vencill��_n,Huesca,1961,0.30613405,41.70574065,Vencill��_n,
486988.6126,4208813.415,260,Veracruz,Veracruz,Ja��_n,1954,-3.14825218,38.02693071,Veracruz,
237638.1295,4104196.334,261,Vetaherrado,Vetaherrado,Sevilla,1964,-5.95014915,37.04734806,Vetaherrado,
242488.9781,4162545.481,262,Viar del Caudillo,El Viar,Sevilla,1952,-5.91590125,37.57396998,El Viar,
165222.8857,4311092.936,263,Villafranca de Guadiana,Villafranco del Guadiana,Badajoz,1955,-6.8592875,38.88494642,Villafranco del Guadiana,
811751.1099,4505912.313,264,Villafranca del Delta,El Poblenou del Delta,Tarragona,1951,0.68675292,40.64521857,El Poblenou del Delta,
348287.1968,4063094.701,265,Villafranco de Guadalhorce,Villafranco del Guadalhorce,M��_laga,1962,-4.69840692,36.70141872,Villafranco del Guadalhorce,
445587.9189,4276433.065,266,Villalba de Calatrava,Villalba de Calatrava,Ciudad Real,1955,-3.62517083,38.63476848,Villalba de Calatrava,
466366.9846,4304315.598,267,Villanueva de Franco,Consolaci��_n,Ciudad Real,1960,-3.38779264,38.88706461,Consolaci��_n,
368142.6158,4678107.609,268,Villoldo,Villoldo,Palencia,1968,-4.59824238,42.244029,Villoldo,
249489.5355,4330434.174,269,Vivares,Vivares,Badajoz,1962,-5.89630446,39.08708137,Vivares,
238168.0937,4317714.121,272,Yelbes,Yelbes,Badajoz,1964,-6.0221493,38.96929365,Yelbes,
344259.2774,4070494.776,273,Zalea,Zalea,M��_laga,1962,-4.74498918,36.76744645,Zalea,
264409.3826,4327565.019,274,Zurbar��_n,Zurbar��_n,Badajoz,1957,-5.72300112,39.06541212,Zurbar��_n,
