DATOS GENERALES,Nombre de la Presa:,Otro Nombre:,En fase de:,Titular de la presa:,Proyectista:,Categoría según riesgo:,Fin de las obras:,Recrecimiento:,X utm 30,Y utm 30,Usos del embalse:,Usuarios:,DATOS HIDROLÓGICOS,Superficie de la cuenca (km2):,Aportación media anual (hm3):,Precipitación media anual (mm):,Avenida de Proyecto (m3/s):,PRESA,Tipo de Presa:,Altura desde cimientos (m):,Longitud de coronación (m):,Cota coronación (m):,Cota cimentación (m):,Cota cauce (m):,Volumen cuerpo presa (1000 m3):,Nº de desagües:,Capacidad desagüe (m3/s):,Nº de aliviaderos:,Capacidad aliviaderos (m3/s):,Regulación:,DATOS GEOGRÁFICOS,Rio de ubicación:,Municipio:,Vertiente:
,AGAETE / TIERRA DE MANUEL,,Explotación,AYUNTAMIENTO DE AGAETE,R. GLZ. NEGRIN,,01-01-1952,--,-749898,3169703,Riego                                             -  -,-  -,,"21,430","0,000","0,000","0,000",,Gravedad,"22,000","30,000","484,000","462,000","462,000","2,000",000,-,001,"13668,000 -","No, Labio fijo -",,BARRANCO AGAETE,AGAETE,LAS PALMAS
,AGUILAR DE CAMPOO,,Explotación,ESTADO,L. DIAZ-CANEJA,A,31-12-1963,--,0394705,4739000,Hidroeléctrico                                    -  - Riego,-  -,,"546,000","338,000","624,500","700,000",,Gravedad,"48,000","500,000","943,300","895,300","900,000","269,000",000,-,001,"750,000 -",Compuertas. -,,PISUERGA,AGUILAR DE CAMPOO,DUERO
,AGUILAR DE CAMPOO (DIQUE DEL COLLADO 1),,Explotación,ESTADO,L. DIAZ,A,31-12-1963,--,0394705,4739000,Hidroeléctrico                                    -  - Riego,-  -,,"546,000","338,000","624,500","700,000",,Materiales sueltos homogenea,"7,000","207,500","944,000","937,000","938,000","16,760",000,-,000,-,-,,PISUERGA,AGUILAR DE CAMPOO,DUERO
,AGUILAR DE CAMPOO (DIQUE DEL COLLADO 2),,Explotación,ESTADO,L. DIAZ,A,31-12-1963,--,0394705,4739000,Hidroeléctrico                                    -  - Riego,-  -,,"546,000","338,000","624,500","700,000",,Materiales sueltos homogenea,"10,500","325,000","944,000","933,500","934,500","54,540",000,-,000,-,-,,PISUERGA,AGUILAR DE CAMPOO,DUERO
,AGULO,LA PALMI,Explotación,AUTONOMIA CANARIAS,F. ASCANIO MONTEMAYOR,,31-12-1958,--,-904239,3201160,Riego                                             -  -,-  -,,"0,000","0,000","0,000","0,000",,Gravedad,"25,000","139,000","545,850","520,850","520,850","16,740",000,-,001,"10,000 -","No, Labio fijo -",,PALMITA,AGULO,TENERIFE
,ALARCON,,Explotación,ESTADO,J.L DE ELIO,A,30-09-1955,--,0576382,4380018,Regulación                                        -  - Riego,-  -,,"3033,000","518,000","490,000","1700,000",,Gravedad,"67,000","317,000","814,000","747,000","752,200","229,630",001,"70,000 -",001,"1750,000 -",Compuertas. -,,JUCAR,ALARCON,JÚCAR
,ALCORA,,Explotación,ESTADO,R. AZCOITI,A,01-01-1958,--,0737511,4442314,Riego                                             -  -,-  -,,"109,000","15,380","357,000","330,000",,Gravedad,"30,000","108,000","303,750","273,750","274,750","24,000",001,"15,000 -",001,"330,000 -",Compuertas. -,,LUCENA,ALCORA,JÚCAR
,ALMODOVAR,,Explotación,JUNTA DE ANDALUCÍA,J.L. RAMIREZ VACAS,A,31-12-1972,01-01-1997,0261730,4004456,Abastecimiento                                    -  - Riego,-  -,,"16,500","0,000","0,000","600,000",,Gravedad,"42,000","126,000","104,350","62,350","70,000","40,490",001,"21,200 -",001,"340,000 -",Compuertas. -,,ALMODOVAR,TARIFA,C. ATLÁNTICA ANDALUZA
,AMADORIO,,Explotación,ESTADO,J. AURA CANDELA,A,01-01-1957,--,0738390,4272435,Abastecimiento                                    -  - Riego,-  -,,"205,000","5,500","360,000","400,000",,Gravedad,"64,150","333,000","129,650","65,500","71,650","267,890",001,"68,000 -",001,"520,000 -",Compuertas. -,,AMADORIO,VILLAJOYOSA,JÚCAR
,ARAYA DE ARRIBA,,Explotación,"CAMPOS DE ARAYA, S.A.",V-GARCIA Y J. LIRIA,,01-01-1958,--,0184317,4380585,Riego                                             -  -,-  -,,"16,900","0,000","0,000","48,000",,Gravedad,"18,800","163,000","337,000","318,200","320,750","6,680",001,"1,900 -",001,"48,000 -","No, Labio fijo -",,ANCIANES,BROZAS,TAJO
,ARAYA DE ARRIBA (DIQUE DEL COLLADO),,Explotación,"CAMPOS DE ARAYA, S.A.",V-GARCIA Y J. LIRIA,,01-01-1958,--,0184298,4380608,Riego                                             -  -,-  -,,"16,900","0,000","0,000","48,000",,Contrafuertes,"5,500","450,000","336,500","331,000","331,000","5,000",000,-,001,"48,000 -","No, Labio fijo -",,ANCIANES,BROZAS,TAJO
,ARCOS,,Explotación,JUNTA DE ANDALUCÍA,J-ARRAEZ,A,01-01-1965,--,0250520,4071143,Hidroeléctrico                                    -  - Riego,-  -,,"25,000","0,000","0,000","0,000",,Gravedad,"22,000","191,000","69,000","47,000","54,500","25,000",002,"6,000 - 5,000",001,"1728,000 -",Compuertas. -,,GUADALETE,ARCOS DE LA FRONTERA,C. ATLÁNTICA ANDALUZA
,ARCOS (DIQUE DEL COLLADO),,Explotación,JUNTA DE ANDALUCÍA,J-ARRAEZ,A,01-01-1965,--,0250520,4071143,Hidroeléctrico                                    -  - Riego,-  -,,"25,000","0,000","0,000","0,000",,Materiales sueltos núcleo arcilla,"17,000","514,000","70,000","53,000","60,000","204,000",000,-,000,-,-,,GUADALETE,ARCOS DE LA FRONTERA,C. ATLÁNTICA ANDALUZA
,ARGOS,,Explotación,ESTADO,A. BOTIA PANTOJA,A,18-10-1970,--,0611015,4225854,Defensa frente a avenidas                         -  - Riego,-  -,,"453,140","12,000","374,000","700,000",,Materiales sueltos P hormigón,"33,000","316,000","416,660","383,660","385,660","375,340",001,"14,100 -",001,"750,000 -",Compuertas. -,,ARGOS,CEHEGIN,SEGURA
,ARIÑEZ,,Explotación,AYUNTAMIENTO DE LAS PALMAS,SATURNINO ALONSO,,01-01-1975,--,-740214,3164361,Abastecimiento                                    -  - Riego,-  -,,"1,270","0,000","0,000","6,500",,Contrafuertes,"52,500","142,000","1005,000","952,500","963,000","60,000",001,"1,990 -",001,"6,500 -","No, Labio fijo -",,B. DEL LAVADERO,VEGA DE SAN MATEO,LAS PALMAS
,"ARROYOS, LOS",,Explotación,A. Y E. ARROYO DIAZ-MERRY,A. DE JOYA,,31-12-1967,--,0411261,4493850,Riego                                             -  -,-  -,,"12,000","0,000","0,000","100,000",,Gravedad,"17,100","300,220","839,500","822,400","824,800","12,820",000,-,001,"100,000 -","No, Labio fijo -",,LADRON,"ESCORIAL, EL",TAJO
,AYAGAURES,,Explotación,CABILDO DE GRAN CANARIA,D-MADERA,,01-01-1952,--,-746911,3145472,Riego                                             -  -,-  -,,"22,460","0,000","0,000","0,000",,Gravedad,"40,000","162,000","311,000","271,000","271,000","21,000",000,-,001,"65,998 -","No, Labio fijo -",,BARRANCO DE AYAGAURES,SAN BARTOLOME DE TIRAJANA,LAS PALMAS
,AYOO DE VIDRIALES,,Explotación,COMUNIDAD DE REGANTES AYO. DE VIDRIALES,TRACSA,B,01-01-1975,--,0245440,4670890,Riego                                             -  -,-  -,,"1,890","0,000","491,000","39,040",,Materiales sueltos homogenea,"14,400","342,400","837,780","823,380","827,380","58,790",001,"0,260 -",001,"16,000 -","No, Labio fijo -",,FUENTE MILDEDOS,AYOO DE VIDRIALES,DUERO
,AZUTAN,,Explotación,IBERDROLA GENERACION S.A.,D. BOUDES Y N. NAVALON,A,31-12-1969,--,0321222,4405375,Hidroeléctrico                                    -  - Riego,-  -,,"35095,000","0,000","0,000","6900,000",,Contrafuertes,"55,000","500,000","357,000","302,000","317,000","212,000",001,"200,000 -",001,"6030,000 -",Compuerta segm -,,TAJO,AZUTAN Y ALCOLEA DE TAJO,TAJO
,BALAGUER,BALAGUER PARTIDOR,Explotación,"ENDESA GENERACIÓN, S.A.",S-GOSSE,,31-12-1958,--,0818394,4638887,Hidroeléctrico                                    -  - Riego,-  -,,"7200,000","0,000","0,000","3000,000",,Gravedad y Materiales sueltos homogenea,"11,000","458,000","231,500","220,500","223,100","45,790",000,-,001,"3000,000 -",Compuertas. -,,SEGRE,OS DE BALAGUER,EBRO
,BALAGUERAS,,Explotación,ESTADO,J-SANCHO TELLO,,31-12-1957,--,0697715,4454450,Riego                                             -  -,-  -,,"0,300","0,000","0,000","80,000",,Gravedad,"18,300","92,000","1017,500","999,200","1001,400","6,200",000,-,001,"87,000 -","No, Labio fijo -",,PALOMAREJAS,RUBIELOS DE MORA,JÚCAR
,BARCENA,,Explotación,ESTADO,A. CORRAL Y CIA,A,31-12-1960,--,0207752,4720272,Hidroeléctrico                                    -  - Riego,-  -,,"832,000","707,000","1580,000","1450,000",,Gravedad,"109,000","166,000","625,000","516,000","530,000","330,730",001,"80,000 -",002,"1050,000 - 1450,000",Compuertas. - Compuertas.,,SIL,PONFERRADA,NORTE
,BARCENA (DIQUE DEL COLLADO),DIQUE DE CUBILLOS,Explotación,ESTADO,J.M. VILLAROEL,A,31-12-1960,01-01-1995,0207752,4720272,Hidroeléctrico                                    -  - Riego,-  -,,"832,000","707,000","1580,000","1450,000",,Materiales sueltos núcleo arcilla,"26,000","2381,600","628,000","602,000","0,000","920,170",000,-,000,-,-,,SIL,CUBILLOS DEL SIL Y PONFERRADA,NORTE
,BARRANCO DE LA GRANJA,,Explotación,COMUNIDAD DE REGANTES DE  LOS HERES,E. MARIN - GARCIA MANSILLA,,31-12-1972,--,-822886,3210216,Riego                                             -  -,-  -,,"2,400","0,000","0,000","18,000",,Gravedad,"28,000","92,000","660,000","632,000","0,000","18,000",000,-,001,"18,000 -","No, Labio fijo -",,GRANJA,GUIMAR,TENERIFE
,BARRANCO HONDO,,Explotación,J. MOLINA FALCON,G-MARTINON,,01-01-1956,--,-744558,3178376,Riego                                             -  -,-  -,,"0,740","0,000","0,000","0,000",,Gravedad,"25,000","70,200","190,000","165,000","165,000","6,000",000,-,001,"3,492 -","No, Labio fijo -",,BARRANCO HONDO,GUIA DE GRAN CANARIA,LAS PALMAS
,BARRANCO HONDO / PARRALES,,Explotación,GRACIANO MORALES,MELCHOR CAMON,,01-01-1969,--,-750889,3173922,Riego                                             -  -,-  -,,"1,490","0,000","0,000","0,000",,Gravedad,"30,000","119,000","290,000","260,000","265,000","21,000",000,-,001,"14,417 -","No, Labio fijo -",,BARRANCO HONDO,GALDAR,LAS PALMAS
,BENAMARIAS,,Explotación,ESTADO,R. LOPEZ GLEZ.(RTO),A,31-12-1972,01-01-1982,0243980,4717002,Riego                                             -  -,-  -,,"3,600","0,370","544,000","40,370",,Materiales sueltos homogenea,"18,000","263,500","998,330","980,330","982,270","100,040",001,"0,000 -",001,"19,650 -","No, Labio fijo -",,SALGUIRAL,MAGAZ DE CEPEDA,DUERO
,BENIARRES,,Explotación,ESTADO,J. ELIO (1º FASE) / R. DONAT(2ª FASE),A,01-04-1958,--,0729605,4299796,Riego                                             -  -,-  -,,"470,000","80,000","650,000","1000,000",,Gravedad,"53,000","395,300","320,650","267,650","281,650","98,700",001,"56,000 -",001,"1050,000 -",Compuerta segm -,,SERPIS,BENIARRES,JÚCAR
,"BOLERA, LA",,Explotación,ESTADO,A. MORENO TORRES,A,31-12-1967,--,0508720,4179585,Abastecimiento                                    -  - Riego,-  -,,"163,000","0,000","0,000","600,000",,Gravedad,"48,000","108,000","973,000","925,000","935,000","36,630",001,"34,000 -",001,"500,000 -",Compuertas. -,,GUADALENTÍN,POZO ALCON,GUADALQUIVIR
,BORBOLLON,,Explotación,ESTADO,R. CATENA - J. CANADELL,A,31-12-1954,--,0194910,4447965,Hidroeléctrico                                    -  - Riego,-  -,,"340,000","171,000","1235,000","733,000",,Gravedad,"35,000","225,000","315,050","280,050","291,050","79,800",001,"0,000 -",001,"844,000 -",Compuertas. -,,ARRAGO,SANTIBAÑEZ EL ALTO,TAJO
,BORBOLLON (DERIVACION) - ARRAGO,,Explotación,ESTADO,J. CANADELL,A,01-01-1954,--,0193425,4446810,Riego                                             -  -,-  -,,"340,000","171,000","1235,000","733,000",,Gravedad,"17,000","178,000","295,750","285,750","285,750","20,130",000,-,001,"900,000 -",Compuertas. -,,ARRAGO,SANTIBAÑEZ EL ALTO,TAJO
,BORNOS,,Explotación,JUNTA DE ANDALUCÍA,V-CAMPOS GUERETA,A,01-01-1961,--,0253744,4075482,Hidroeléctrico                                    -  - Riego,-  -,,"1344,000","0,000","0,000","1400,000",,Gravedad,"59,100","164,100","108,500","49,400","63,500","133,000",002,"30,200 - 16,020",001,"1400,000 -",Compuertas. -,,GUADALETE,BORNOS,C. ATLÁNTICA ANDALUZA
,"BOYERIL 2, EL",,Explotación,MARIANO LOPEZ RODRIGUEZ,E-RODRIGUEZ,B,01-01-1965,--,0274235,4419290,Riego                                             -  -,-  -,,"12,000","0,000","225,000","117,000",,Gravedad,"9,000","62,100","273,000","264,000","266,700","0,000",001,"0,000 -",001,"12,000 -","No, Labio fijo -",,ARROYO MANCO,CASATEJADA,TAJO
,BREMUDO (ARROYO),,Explotación,BALTASAR TAPIA VICENTE,E. GLEZ. ZAMORA,,01-01-1974,--,0288391,4434190,Riego                                             -  -,-  -,,"0,000","0,000","0,000","9,000",,Materiales sueltos homogenea,"6,350","340,000","421,250","414,900","415,900","13,550",000,-,001,"9,000 -","No, Labio fijo -",,BREMUDO,MONROY,TAJO
,BREMUDO (ARROYO) (DIQUE DEL COLLADO),,Explotación,BALTASAR TAPIA VICENTE,E. GLEZ. ZAMORA,,01-01-1974,--,0288391,4434190,Riego                                             -  -,-  -,,"0,000","0,000","0,000","9,000",,Materiales sueltos homogenea,"3,250","297,000","421,250","418,000","418,800","6,960",000,-,000,-,-,,BREMUDO,MONROY,TAJO
,BROVALES,,Explotación,JUNTA DE EXTREMADURA,G-VALERO,,01-01-1960,--,0176798,4251307,Riego                                             -  -,-  -,,"203,000","0,000","0,000","0,000",,Contrafuertes,"25,000","503,000","305,300","280,300","288,000","17,840",000,-,001,"646,000 -",Compuertas. -,,BROVALES,JEREZ DE LOS CABALLEROS,GUADIANA
,CABO VERDE,,Explotación,CDAD. EMBALSES MOYA,J-ALONSO URQUIJO,,01-01-1960,--,-741364,3176969,Riego                                             -  -,-  -,,"0,720","0,000","0,000","0,000",,Gravedad,"15,000","99,000","195,000","180,000","180,000","7,650",000,-,000,-,-,,LOMO BLANCO,MOYA,LAS PALMAS
,"CAIDERILLOS, LOS",,Explotación,J. GONZALEZ ROMERO,J-HERNANDEZ RAMOS,,01-01-1945,--,-740694,3176302,Riego                                             -  -,-  -,,"0,990","0,000","0,000","0,000",,Gravedad,"21,000","90,000","270,000","249,000","250,000","10,000",000,-,000,-,-,,CAIDERILLOS,MOYA,LAS PALMAS
,CAIDERO DE LA NIÑA,,Explotación,COMUNIDAD DE REGANTES DE ALDEA S. NICOLAS,LUIS DE CASA CALZADA,,01-01-1957,--,-758260,3161560,Riego                                             -  -,-  -,,"103,510","1,000","255,000","717,000",,Gravedad,"62,000","124,000","206,000","144,000","160,000","77,580",000,-,001,"716,000 -","No, Labio fijo -",,BARRANCO ALDEA,ARTENARA,LAS PALMAS
,CALABOZO,,Explotación,F. HERNANDEZ SUAREZ,,,01-01-1952,--,-744664,3175928,Riego                                             -  -,-  -,,"3,460","0,000","0,000","0,000",,Gravedad,"30,000","75,000","421,000","391,000","391,000","45,000",000,-,001,"1,790 -","No, Labio fijo -",,BARRANCO CALABOZO,GUIA DE GRAN CANARIA,LAS PALMAS
,"CALLEJON, EL",,Explotación,SDAD. REPRESAS TRAPICHE,M-GONZALEZ,,11-07-1940,--,-738920,3173865,Riego                                             -  -,-  -,,"0,590","0,000","0,000","0,000",,Gravedad,"24,000","120,000","410,000","386,000","390,000","11,740",000,-,001,"7,547 -","No, Labio fijo -",,BARRANCO CALLEJON,FIRGAS,LAS PALMAS
,CAMPILLO DE BUITRAGO,,Explotación,ESTADO,J. FDEZ. PUENTE,C,30-09-1969,--,0539483,4631600,Abastecimiento                                    -  - Riego,-  -,,"140,000","230,000","0,000","480,000",,Gravedad,"13,200","87,000","1025,800","1012,600","1018,000","9,740",000,-,001,"480,000 -",Compuertas. -,,DUERO,SORIA Y GARRAY,DUERO
,CAMPOAMENO,,Explotación,JAIME JUAN LASALA PALA,J.M. HACAR,,01-01-1975,--,0227894,4291927,Riego                                             -  -,-  -,,"3,000","0,000","471,000","16,000",,Materiales sueltos núcleo arcilla,"22,000","317,000","317,000","295,000","299,000","76,600",000,-,001,"16,000 -","No, Labio fijo -",,ARROYO DE LA MORA,OLIVA DE MERIDA,GUADIANA
,CANDELARIA,,Explotación,CABILDO DE GRAN CANARIA,ADOLFO CAÑAS BARRERA,,01-01-1969,--,-752548,3164365,Riego                                             -  -,-  -,,"2,580","0,000","0,000","0,000",,Gravedad,"32,000","82,000","920,000","888,000","893,750","26,300",000,-,001,"5,500 -","No, Labio fijo -",,BARRANCO DEL MERINO,ARTENARA,LAS PALMAS
,CANTILLANA,,Explotación,"ENDESA GENERACIÓN, S.A.- U.P.H. SUR",C-MENDOZA Y SAEZ DE A.,C,31-12-1956,--,0252655,4164393,Hidroeléctrico                                    -  - Riego,-  -,,"45000,000","0,000","0,000","8000,000",,Gravedad,"23,000","200,000","23,100","0,100","4,000","27,800",000,-,001,"8000,000 -",Compuertas. -,,GUADALQUIVIR,CANTILLANA,GUADALQUIVIR
,CASAS BLANCAS,,Explotación,CDAD. CASAS BLANCAS,J-OROZCO,,25-04-1944,--,-738610,3175528,Riego                                             -  -,-  -,,"2,700","0,000","0,000","0,000",,Gravedad,"19,400","55,000","240,000","220,600","220,600","13,000",000,-,001,"91,066 -","No, Labio fijo -",,BARRANCO ROSALES,FIRGAS,LAS PALMAS
,CASTREJON,,Explotación,UNION FENOSA GENERACION S.A.,EPTISA,A,31-12-1967,--,0389280,4410440,Hidroeléctrico                                    -  - Riego,-  -,,"24900,000","2744,000","517,000","5100,000",,Materiales sueltos homogenea,"26,000","1336,000","427,000","401,000","408,000","743,000",000,-,001,"5100,000 -",Compuertas. -,,TAJO,"PUEBLA DE MONTALBAN, LA Y POLÁN",TAJO
,CASTREJON / CAÑARES,,Explotación,UNION FENOSA GENERACION S.A.,EPTISA,C,31-12-1967,--,0382105,4411925,Hidroeléctrico                                    -  - Riego,-  -,,"0,000","0,000","0,000","0,000",,Materiales sueltos homogenea,"19,000","160,000","427,000","408,000","408,000","8,000",000,-,000,-,-,,ARROYO CAÑARES,"PUEBLA DE MONTALBAN, LA",TAJO
,"CASTREJON / CARPIO, EL",,Explotación,UNION FENOSA GENERACION S.A.,EPTISA,C,31-12-1967,--,0376065,4413100,Hidroeléctrico                                    -  - Riego,-  -,,"24900,000","0,000","0,000","0,000",,Materiales sueltos homogenea,"30,000","134,000","427,000","397,000","399,000","25,000",000,-,000,-,-,,ARROYO EL CARPIO,CARPIO DE TAJO,TAJO
,CAZALEGAS,,Explotación,ESTADO,J.A. GALLEGO,A,31-12-1949,--,0354505,4430825,Abastecimiento                                    -  - Riego,-  -,,"3993,000","771,000","545,000","1834,000",,Gravedad y Materiales sueltos homogenea,"16,640","1004,000","385,140","368,500","375,140","30,000",001,"15,000 -",001,"1834,000 -",Compuertas. -,,ALBERCHE,CAZALEGAS-SAN ROMAN,TAJO
,CELEMIN,,Explotación,JUNTA DE ANDALUCÍA,SANTIAGO SERRANO,A,01-01-1972,--,0251076,4021595,Riego                                             -  -,-  -,,"95,000","0,000","0,000","598,000",,Materiales sueltos homogenea,"34,000","430,000","35,000","1,000","9,500","590,000",001,"0,000 -",001,"598,000 -","No, Labio fijo -",,CELEMIN,MEDINA-SIDONIA,C. ATLÁNTICA ANDALUZA
,CELEMIN (ALIVIADERO),,Explotación,JUNTA DE ANDALUCÍA,C. GLEZ-GAGGERO,A,01-01-1974,--,0251076,4021595,Riego                                             -  -,-  -,,"95,000","0,000","0,000","598,000",,Gravedad,"25,000","115,000","35,000","10,000","11,000","33,000",001,"0,000 -",001,"598,000 -","No, Labio fijo -",,CELEMIN,MEDINA-SIDONIA,GUADALQUIVIR
,"CENAJO, EL",,Explotación,ESTADO,R. COUCHOUD SEBASTIA,A,30-06-1960,--,0607142,4247250,Defensa frente a avenidas                         -  - Riego,-  -,,"1273,000","392,000","325,000","950,000",,Gravedad,"102,000","201,000","437,200","335,200","353,000","559,000",001,"104,880 -",001,"838,300 -",Compuertas. -,,SEGURA,MORATALLA,SEGURA
,"CERQUILLA, LA",,Explotación,FRANCA GIORDANO GRADI,M.SILVELA TORDESILLAS,C,31-12-1962,--,0307907,4429641,Riego                                             -  -,-  -,,"39,000","4,000","651,000","39,000",,Gravedad,"5,900","68,220","310,240","304,250","305,370","0,000",001,"1,250 -",002,"36,500 - 2,250",Compuertas. - Compuertas.,,JULIAN (ARROYO DE SAN JULIAN),"CALZADA DE OROPESA, LA",TAJO
,CHAMORISCAN,,Explotación,CDAD. CHAMORISCAN,M-ROMERO TORRENT,,01-07-1965,--,-749220,3142451,Riego                                             -  -,-  -,,"10,390","0,000","0,000","0,000",,Gravedad,"35,000","156,000","260,000","225,000","225,000","25,000",000,-,001,"60,721 -","No, Labio fijo -",,CHAMORISCAN,SAN BARTOLOME DE TIRAJANA,LAS PALMAS
,CHARCA DE CABO BLANCO,,Explotación,MARIA BELLO,,,31-12-1940,--,-850134,3181376,Riego                                             -  -,-  -,,"5,250","0,000","0,000","0,000",,Gravedad,"14,000","126,000","230,000","216,000","0,000","11,000",000,-,001,"7,000 -","No, Labio fijo -",,GALLETAS,ARONA,TENERIFE
,CHAYOFA II,,Explotación,AYUNTAMIENTO DE ARONA,,,31-12-1945,--,-852663,3183249,Riego                                             -  -,-  -,,"0,000","0,000","0,000","0,000",,Gravedad,"15,000","267,000","375,000","360,000","0,000","10,000",000,-,001,"1,000 -","No, Labio fijo -",,SIN RIO,ARONA,TENERIFE
,CHIRA,,Explotación,CABILDO DE GRAN CANARIA,A. CABALLERO RODAS,,01-01-1964,--,-749788,3151973,Riego                                             -  -,-  -,,"10,930","0,000","0,000","0,000",,Gravedad,"32,000","209,600","907,000","875,000","875,000","28,000",000,-,001,"80,796 -","No, Labio fijo -",,CHIRA,SAN BARTOLOME DE TIRAJANA,LAS PALMAS
,CIGUAÑA,,Explotación,COMUNIDAD DE REGANTES,C. PEREZ MARTIN,,31-12-1956,--,-843663,3177279,Riego                                             -  -,-  -,,"0,280","0,000","0,000","0,000",,Gravedad,"15,000","122,000","50,000","35,000","0,000","8,000",000,-,001,"12,000 -","No, Labio fijo -",,CIGUAÑA,GRANADILLA DE ABONA,TENERIFE
,CIURANA,,Explotación,ESTADO,A. POL GIMENEZ,A,31-12-1972,--,0828373,4574080,Abastecimiento                                    -  - Riego,-  -,,"60,400","9,320","0,000","443,680",,Gravedad,"62,740","274,400","489,140","426,400","436,570","180,000",001,"28,400 -",001,"443,000 -",Compuertas. -,,CIURANA,CORNUDELLA DE MONTSANT,EBRO
,COLOMERS,,Explotación,GENERALITAT DE CATALUÑA,,,31-12-1967,--,0995605,4676365,Riego                                             -  -,-  -,,"3000,000","919,000","600,000","2000,000",,Presa móvil,"18,000","103,000","30,000","12,000","12,000","20,200",000,-,001,"2210,000 -",Compuertas. -,,TER,COLOMERS,C.I. CATALUÑA
,CORDOBILLA,,Explotación,SEVILLANA DE ELECTRICIDAD,F-BENJUMEA,A,01-01-1953,--,0347701,4135123,Hidroeléctrico                                    -  - Riego,-  -,,"5830,000","525,000","0,000","3000,000",,Gravedad,"45,250","165,000","218,250","173,000","180,050","84,000",001,"16,000 -",001,"3000,000 -",Compuertas. -,,GENIL,PUENTE GENIL,GUADALQUIVIR
,"CORONO, EL",,Explotación,ANTONIO BRIZ GONZALEZ,E. RODRIGUEZ SALINAS,B,01-01-1971,--,0260734,4435578,Riego                                             -  -,-  -,,"4,600","0,000","0,000","20,000",,Materiales sueltos homogenea,"13,300","115,000","493,300","480,000","480,000","29,000",001,"0,600 -",001,"20,000 -","No, Labio fijo -",,ARROYO GODINO,PASARON DE LA VERA,TAJO
,CORTIJO / PANTALEON,,Explotación,E. HERNANDEZ GUERRA,SR. ROMANILLOS,,01-11-1944,--,-738851,3174894,Riego                                             -  -,-  -,,"1,190","0,000","0,000","0,000",,Gravedad,"20,000","50,000","290,000","270,000","270,000","5,000",000,-,001,"5,749 -","No, Labio fijo -",,BARRANCO DOLORES,FIRGAS,LAS PALMAS
,CUBILLAS,,Explotación,ESTADO,M. PRIETO MORENO,A,01-01-1956,--,0439470,4126405,Riego                                             -  -,-  -,,"626,000","68,000","604,000","1200,000",,Materiales sueltos homogenea,"41,600","368,470","647,000","605,400","610,000","594,390",001,"32,000 -",001,"1200,000 -","No, Labio fijo -",,CUBILLAS,"ALBOLOTE, CHAPARRAL",GUADALQUIVIR
,CUEVA DE LAS NIÑAS,,Explotación,CDAD. CUEVA LAS NIÑAS,H-HERNANDEZ,,01-01-1959,--,-752615,3153947,Riego                                             -  -,-  -,,"6,180","0,000","0,000","0,000",,Gravedad,"32,000","130,000","890,000","858,000","858,000","31,360",000,-,001,"18,871 -","No, Labio fijo -",,BARRANCO MAJADA ALTA,TEJEDA,LAS PALMAS
,DOLORES / CASABLANCA,,Explotación,F. GUERRA,P-LEON,,01-03-1947,--,-738396,3176380,Riego                                             -  -,-  -,,"3,190","0,000","0,000","0,000",,Gravedad,"32,000","76,000","185,000","153,000","153,000","6,720",000,-,001,"11,285 -","No, Labio fijo -",,BARRANCO CASAS BLANCAS,FIRGAS,LAS PALMAS
,DRAGUILLO,,Explotación,D.J. LEACOCK,JULIO ALONSO URQUIJO,,01-08-1957,--,-750421,3179597,Riego                                             -  -,-  -,,"0,960","0,000","0,000","0,000",,Gravedad,"20,000","189,000","85,000","65,000","65,000","30,130",000,-,001,"0,406 -","No, Labio fijo -",,BARRANCO DRAGUILLO,GALDAR,LAS PALMAS
,"ENCINILLA, LA",,Explotación,J. BANUS MASDEU,L-SIERRA PIQUERAS,,31-12-1964,--,0406098,4503397,Riego                                             -  -,-  -,,"0,000","0,000","0,000","2,000",,Gravedad,"16,000","92,000","0,000","0,000","0,000","86,000",000,-,001,"2,000 -",Compuertas. -,,ENCINILLA (ARROYO ENCINILLA),GUADARRAMA,TAJO
,ENTREPEÑAS,,Explotación,ESTADO,"B-JIMENEZ, DIAZ AMBRONA",A,01-01-1956,--,0521892,4482747,Hidroeléctrico                                    -  - Riego,-  -,,"4060,000","638,000","597,000","2500,000",,Gravedad,"87,350","383,320","723,250","635,900","644,000","445,930",001,"295,020 -",001,"1500,000 -",Compuertas. -,,TAJO,"SACEDON, AUÑON",TAJO
,"ESPARRAGAL, EL",,Explotación,J.M. ORIOL - ESPARRAGAL S.A.,M. CASTILLO Y L. SURROCA,,31-12-1970,01-01-1984,0224955,4160665,Riego                                             -  -,-  -,,"48,720","0,000","0,000","230,000",,Gravedad,"26,000","117,000","144,000","118,000","120,000","9,810",000,-,001,"203,000 -","No, Labio fijo -",,ENCARNACION,GERENA,GUADALQUIVIR
,ESTREMERA,,Explotación,ESTADO,B-JIMENEZ,B,01-01-1950,--,0499510,4450630,Riego                                             -  -,-  -,,"8000,000","505,000","424,000","361,000",,Contrafuertes,"13,000","90,000","569,000","556,000","559,500","12,000",001,"0,000 -",001,"2000,000 -","No, Labio fijo -",,TAJO,"DRIEBES, LEGANIEL",TAJO
,EXCUSABARAJAS,,Explotación,COMUNIDAD DE REGANTES DE EXCUSABARAJAS,M. CAMON,,01-03-1964,--,-751215,3148596,Riego                                             -  -,-  -,,"2,350","0,000","0,000","0,000",,Gravedad,"15,000","47,300","750,000","735,000","735,000","7,000",000,-,000,-,-,,EXCUSABARAJAS,SAN BARTOLOME DE TIRAJANA,LAS PALMAS
,FATAGA,,Explotación,CABILDO DE GRAN CANARIA,A-CAÑAS,,01-01-1973,--,-742743,3147931,Riego                                             -  -,-  -,,"7,126","0,000","0,000","0,000",,Gravedad,"56,000","129,000","485,000","429,000","441,000","50,600",000,-,001,"96,000 -","No, Labio fijo -",,BARRANCO FATAGA,SAN BARTOLOME DE TIRAJANA,LAS PALMAS
,FORATA,,Explotación,ESTADO,ANTONIO INGLES,A,01-01-1969,--,0684213,4356914,Riego                                             -  -,-  -,,"1058,000","28,600","550,000","900,000",,Gravedad,"68,400","225,000","389,200","320,800","327,800","165,000",002,"20,000 - 40,000",001,"900,000 -",Compuerta segm -,,MAGRO,YATOVA,JÚCAR
,GABRIEL Y GALAN,,Explotación,ESTADO,J. BONILLA,A,01-01-1961,--,0233284,4457169,Hidroeléctrico                                    -  - Riego,-  -,,"1850,000","1020,000","1000,000","3536,000",,Gravedad,"73,000","1020,000","388,000","315,000","321,000","587,790",001,"57,000 -",001,"2200,000 -",Compuertas. -,,ALAGON,GUIJO DE GRANADILLA,TAJO
,GAMBUESA,,Explotación,CABILDO DE GRAN CANARIA,A. CAÑAS,,01-01-1971,--,-746457,3146193,Riego                                             -  -,-  -,,"21,310","0,000","0,000","0,000",,Gravedad,"54,000","151,600","350,000","296,000","306,000","47,340",000,-,001,"2,600 -","No, Labio fijo -",,BARRANCO AYAGAURES,SAN BARTOLOME DE TIRAJANA,LAS PALMAS
,GAÑANIAS,,Explotación,"HDES. LAS PALMAS, DRAGONAL",J-BOISSIER,,01-06-1964,--,-741023,3162220,Riego                                             -  -,-  -,,"2,410","0,000","0,000","0,000",,Gravedad,"30,000","98,000","1100,000","1070,000","1072,000","20,000",000,-,001,"9,178 -","No, Labio fijo -",,ANTONA,VEGA DE SAN MATEO,LAS PALMAS
,GARCES,,Explotación,M. GONZALEZ,J. ALONSO,,31-12-1962,--,-860638,3190644,Riego                                             -  -,-  -,,"184,000","0,000","0,000","0,000",,Gravedad,"20,000","146,000","290,000","270,000","0,000","12,000",000,-,001,"15,000 -","No, Labio fijo -",,SAN JUAN,GUIA DE ISORA,TENERIFE
,"GRADO I, EL",,Explotación,ESTADO,C-MAZZUCHELLI,A,31-12-1969,--,0767474,4671419,Hidroeléctrico                                    -  - Riego,-  -,,"2375,000","1400,000","1400,000","3400,000",,Gravedad,"130,000","959,000","453,000","323,000","365,000","1030,000",001,"340,000 -",001,"3430,000 -",Compuertas. -,,CINCA,"GRADO, EL",EBRO
,GUADALEST,,Explotación,ESTADO,J-AURA CANDELA,A,01-07-1964,--,0744422,4285116,Abastecimiento                                    -  - Riego,-  -,,"60,000","8,000","600,000","400,000",,Gravedad,"77,170","285,150","382,650","305,480","308,000","236,720",001,"78,000 -",001,"520,000 -",Compuerta segm -,,GUADALEST,GUADALEST,JÚCAR
,GUADALMENA,,Explotación,ESTADO,J.M. ALMENDRAL,A,31-12-1969,--,0507644,4246234,Hidroeléctrico                                    -  - Riego,-  -,,"1323,000","228,000","0,000","1253,000",,Gravedad,"96,170","348,060","602,170","506,000","517,000","600,000",001,"55,000 -",001,"1749,000 -",Compuertas. -,,GUADALMENA,CHICLANA DE SEGURA,GUADALQUIVIR
,GUADANUÑO,CERRO MURIANO,Explotación,ESTADO,J. VIGUERAS GONZALEZ,C,01-01-1967,--,0342050,4209965,Abastecimiento                                    -  - Riego,-  -,,"28,000","10,000","750,000","125,000",,Gravedad,"25,500","150,740","513,000","487,500","492,000","18,600",001,"7,330 -",001,"125,000 -",Compuertas. -,,GUADANUÑO,CORDOBA Y VILLAVICIOSA,GUADALQUIVIR
,GUADARRANQUE,,Explotación,JUNTA DE ANDALUCÍA,F. ARCAS LUQUE,A,01-01-1965,--,0279075,4021000,Abastecimiento                                    -  - Riego,-  -,,"143,000","78,000","1100,000","1000,000",,Materiales sueltos núcleo arcilla,"71,000","235,000","78,000","7,000","11,000","1383,000",001,"60,000 -",001,"1000,000 -","No, Labio fijo -",,GUADARRANQUE,LOS BARRIOS Y CASTELLAR,C. MEDITERRANEA ANDALUZA
,HELECHAL,,Explotación,HERMANOS NAVARRO BALLESTERO,ENRIQUE RODRIGUEZ SALINAS PALERO,C,01-01-1965,--,0166075,4418651,Acuicultura                                       -  - Riego,-  -,,"11,360","0,000","187,000","63,525",,Gravedad,"10,600","137,000","251,700","241,100","243,100","0,000",001,"0,000 -",001,"40,000 -","No, Labio fijo -",,ARROYO HELECHAL,ALCANTARA,TAJO
,"HINCHONA, LA",,Explotación,AYUNTAMIENTO DE EL TIEMBLO,C.H. TAJO,,01-01-1946,--,0372108,4471728,Riego                                             -  -,-  -,,"13,900","0,000","0,000","0,000",,Arco Gravedad,"14,500","78,830","866,000","851,500","853,000","4,000",001,"0,000 -",002,"0,000 - 33,000","Compuerta vert - No, Labio fijo",,YEDRA,"TIEMBLO, EL",TAJO
,"HOYAS, LAS",,Explotación,COMUNIDAD DE REGANTES DEL NORTE,J-ALONSO,,01-01-1972,--,-751634,3166984,Riego                                             -  -,-  -,,"4,980","0,000","0,000","0,000",,Gravedad,"43,500","107,000","930,000","886,500","890,000","58,160",000,-,001,"24,940 -","No, Labio fijo -",,BARRANCO DE LAS HOYAS,ARTENARA,LAS PALMAS
,ISBERT,,Explotación,ESTADO,A. PEÑA,A,01-01-1945,--,0751659,4297224,Riego                                             -  -,-  -,,"57,000","9,410","550,000","100,000",,Arco Gravedad,"29,000","18,000","219,400","190,400","192,400","1,120",001,"5,000 -",001,"150,000 -","No, Labio fijo -",,GIRONA,ORBA,JÚCAR
,"JARILLA, LA (TAJO)",,Explotación,HERMANOS ALONSO,J-RAMON,,01-01-1964,--,0242520,4451720,Riego                                             -  -,-  -,,"9,000","0,000","0,000","0,000",,Materiales sueltos homogenea,"10,000","155,000","0,000","0,000","0,000","21,890",000,-,001,"0,000 -","No, Labio fijo -",,CAVERA,JARILLA,TAJO
,JAUJA,MALPASILLO JAUJA,Explotación,SEVILLANA DE ELECTRICIDAD,F-BENJUMEA,A,31-12-1951,--,0352650,4129600,Hidroeléctrico                                    -  - Riego,-  -,,"5219,000","465,000","0,000","3000,000",,Contrafuertes,"36,000","222,900","250,000","214,000","220,160","61,340",000,-,001,"3000,000 -",Compuertas. -,,GENIL,LUCENA,GUADALQUIVIR
,JIMENEZ / ARUCAS,,Explotación,COMUNIDAD DE REGANTES DE TRASMONTAÑA,A. ALONSO URQUIJO,,01-01-1966,01-01-1966,-737478,3173192,Riego                                             -  -,-  -,,"3,940","0,000","0,000","0,000",,Gravedad,"46,000","101,400","375,000","329,000","335,000","42,000",000,-,001,"37,628 -","No, Labio fijo -",,BARRANCO JIMENEZ,ARUCAS,LAS PALMAS
,LEZCANO I,,Explotación,COMUNIDAD DE REGANTES DE TENOYA,LUIS JIMÉNEZ,,01-01-1960,--,-739230,3167919,Riego                                             -  -,-  -,,"23,630","0,000","0,000","0,000",,Gravedad,"24,000","79,900","290000,000","266,000","266,000","9,020",000,-,001,"19,696 -","No, Labio fijo -",,BARRANCO LEZCANO,TEROR,LAS PALMAS
,LEZCANO II,,Explotación,COMUNIDAD DE REGANTES DE TENOYA,L-GIMENEZ,,01-01-1963,--,-738804,3168366,Riego                                             -  -,-  -,,"21,790","0,000","0,000","0,000",,Gravedad,"35,000","74,000","315,000","280,000","280,000","7,940",000,-,001,"208,602 -","No, Labio fijo -",,BARRANCO LEZCANO,TEROR,LAS PALMAS
,LINARES DEL ARROYO,,Explotación,ESTADO,J-MARTIN ELVIRA,A,31-12-1951,--,0453996,4597544,Hidroeléctrico                                    -  - Riego,-  -,,"716,300","88,000","565,000","600,000",,Gravedad,"35,600","111,850","916,600","881,000","887,300","52,300",001,"0,000 -",001,"618,000 -",Compuertas. -,,RIAZA,MADERUELO,DUERO
,LORIGUILLA,,Explotación,ESTADO,J. SANCHO TELLO,A,01-01-1965,--,0679189,4392798,Regulación                                        -  - Riego,-  -,,"616,000","460,000","370,000","2000,000",,Gravedad,"78,670","198,000","322,500","243,830","265,000","187,500",002,"114,000 - 106,000",001,"2000,000 -",Compuertas. -,,TURIA,LORIGUILLA,JÚCAR
,LUGAREJOS,,Explotación,COMUNIDAD DE REGANTES DE NORTE,J-ALONSO URQUIJO,,01-01-1962,--,-751327,3168172,Riego                                             -  -,-  -,,"10,280","0,000","0,000","0,000",,Gravedad,"42,000","142,000","860,000","818,000","820,000","60,000",000,-,001,"131,420 -","No, Labio fijo -",,BCO. CORUÑA,"ARTENARA, AGAETE Y GÁLDAR",LAS PALMAS
,"MALA, LA",,Explotación,AUTONOMIA CANARIAS,J-ALONSO VEGA,,01-01-1975,--,-524384,3270301,Riego                                             -  -,-  -,,"4,040","0,000","0,000","10,000",,Gravedad,"37,000","117,900","165,000","128,000","135,000","20,000",000,-,001,"10,000 -","No, Labio fijo -",,PALOMO,HARIA,LAS PALMAS
,MARMOLEJO,,Explotación,"ENDESA GENERACIÓN, S.A.- U.P.H. SUR",L-MENDOZA,B,31-12-1962,--,0396000,4213200,Hidroeléctrico                                    -  - Riego,-  -,,"20137,100","0,000","0,000","3450,000",,Gravedad,"19,880","230,000","193,880","174,000","175,350","27,800",000,-,001,"3450,000 -",Compuerta segm -,,GUADALQUIVIR,MARMOLEJO,GUADALQUIVIR
,MEDIANO,,Explotación,ESTADO,"PINTO, CASAU Y MACHIN",A,31-12-1959,01-01-1974,0765086,4689680,Hidroeléctrico                                    -  - Riego,-  -,,"2078,000","1350,000","925,000","3500,000",,Gravedad,"92,000","500,000","529,500","437,500","455,500","43,000",002,"120,000 - 50,000",001,"3232,000 -",Compuertas. -,,CINCA,"FUEVA, LA",EBRO
,MEQUINENZA,,Explotación,ENHER,M. SANCHEZ DEL CORRAL,A,31-12-1964,--,0774241,4584997,Hidroeléctrico                                    -  - Riego,-  -,,"55000,000","9190,000","561,000","11000,000",,Gravedad,"79,000","461,000","124,000","45,000","60,000","1100,000",001,"160,000 -",001,"11000,000 -",Compuertas. -,,EBRO,MEQUINENZA,EBRO
,"MILAGRO, EL",,Explotación,ESTADO,F-OLIVIER GONZALEZ,A,01-01-1973,--,0326107,4513093,Abastecimiento                                    -  - Riego,-  -,,"96,000","25,000","450,000","390,000",,Gravedad,"31,300","199,500","1038,550","1007,250","1010,700","32,000",001,"0,000 -",001,"360,000 -","No, Labio fijo -",,ALMAR,MIRUEÑA DE LOS INFANZONES,DUERO
,MIRAFLORES DE LA SIERRA,,Explotación,AYUNTAMIENTO DE MIRAFLORES DE LA SIERRA,INTECSA,A,31-12-1975,--,0432884,4519220,Abastecimiento                                    -  - Riego,-  -,,"8,700","6,300","0,000","155,000",,Materiales sueltos núcleo arcilla,"36,000","220,000","1294,500","1258,500","1263,500","243,000",000,-,001,"155,000 -","No, Labio fijo -",,MIRAFLORES,MIRAFLORES DE LA SIERRA,TAJO
,"MOLINOS, LOS",,Explotación,PATRONATO LOS MOLINOS,"A. CAÑAS, M. HERNANDEZ",,01-01-1965,--,-567058,3201922,Riego                                             -  -,-  -,,"3,000","0,000","0,000","0,000",,Gravedad,"25,000","136,000","0,000","0,000","0,000","21,000",000,-,000,-,-,,MOLINOS,PUERTO ROSARIO,LAS PALMAS
,MONTE DE LA TORRE (DD-1),DEPOSITO DD-1,Explotación,JUNTA DE ANDALUCÍA,,C,31-12-1972,--,0275972,4004387,Regulación                                        -  - Riego,-  -,,"0,000","0,000","0,000","156,000",,Materiales sueltos núcleo arcilla,"23,000","63,000","30,400","7,400","13,000","0,000",001,"3,390 -",001,"20,000 -","No, Labio fijo -",,PRIOR,"BARRIOS, LOS",C. MEDITERRANEA ANDALUZA
,MONTIJO,,Explotación,ESTADO,R. CELESTINO Y J.J. TORAN,A,31-12-1954,01-01-1982,0202510,4314117,Abastecimiento                                    -  - Riego,-  -,,"42000,000","750,000","450,000","6800,000",,Gravedad,"22,000","927,000","208,120","186,120","193,120","24,240",001,"35,000 -",001,"7100,000 -","No, Labio fijo -",,GUADIANA,MERIDA,GUADIANA
,MONTORO,MONTORO II,Explotación,REPSOL PETROLEO S.A.,A. ARAGONES FOEZ,C,01-01-1966,--,0401466,4266409,Riego                                             -  -,-  -,,"209,300","0,000","0,000","0,000",,Gravedad,"24,250","213,000","568,250","544,000","546,000","0,000",000,-,001,"500,000 -","No, Labio fijo -",,MONTORO,SOLANA DEL PINO,GUADALQUIVIR
,"MOSQUIL, EL",,Explotación,RAMONA ROMERO CAMARA,R. DIAZ FRANCO,,01-01-1971,--,0228717,4255260,Riego                                             -  -,-  -,,"7,900","0,000","550,000","32,000",,Gravedad,"10,000","172,400","97,000","87,000","90,000","4,000",000,-,001,"36,000 -","No, Labio fijo -",,LABRADOS,USAGRE,GUADIANA
,MULATO,,Explotación,COMUNIDAD DE REGANTES DE SAN ANTONIO,M. CAMON-(RTO)A.MENVIELLE,,01-01-1959,01-01-1981,-755161,3154489,Riego                                             -  -,-  -,,"6,140","1,000","0,000","129,000",,Gravedad,"44,000","146,000","745,000","701,000","705,000","18,900",001,"54,000 -",001,"35,000 -","No, Labio fijo -",,BARRANCO VINAGRERAS,MOGAN,LAS PALMAS
,NAVALAGAMELLA,,Explotación,A. RODRIGUEZ DOCAMPO,J-M- FDEZ. GONZALEZ,,31-12-1972,--,0405106,4472030,Riego                                             -  -,-  -,,"4,410","0,000","450,000","11,000",,Gravedad,"13,000","106,000","538,800","525,800","530,000","4,000",000,-,001,"10,000 -","No, Labio fijo -",,CURA,NAVALAGAMELLA,TAJO
,NIÑO JESUS,ANIÑON,Explotación,COMUNIDAD DE REGANTES DE ANIÑON,J. HERRERA GARCÍA,A,09-05-1955,--,0608478,4595385,Riego                                             -  -,-  -,,"8,800","0,000","396,000","33,500",,Gravedad,"22,500","73,000","962,000","939,500","940,000","22,500",001,"2,000 -",001,"37,000 -","No, Labio fijo -",,ARROYO DEL FRESNO O JESUS,ANIÑON,EBRO
,OJOS (AZUD),MAYES,Explotación,ESTADO,A-BOTIA,A,31-12-1975,--,0644545,4224880,Riego                                             -  - Hidroeléctrico,-  -,,"985,600","450,000","300,000","750,000",,Gravedad,"17,670","53,000","140,670","123,000","128,500","19,510",001,"56,210 -",001,"766,680 -",Compuertas. -,,SEGURA,BLANCA,SEGURA
,ONDA,,Explotación,COMUNIDAD DE REGANTES DE ONDA,RAFAEL AZCOITI,A,01-01-1954,--,0728310,4424455,Riego                                             -  -,-  -,,"20,000","2,870","478,000","46,000",,Gravedad,"37,000","118,550","306,500","269,500","272,000","27,480",001,"30,000 -",001,"0,000 -",Compuerta segm -,,SECO / VEO,ALCUDIA DE VEO,JÚCAR
,PALMACES,,Explotación,ESTADO,F-CASTELLANO,A,01-01-1954,--,0505170,4544655,Riego                                             -  -,-  -,,"275,400","44,600","580,000","500,000",,Gravedad,"43,000","115,500","886,000","843,000","854,500","54,660",001,"0,000 -",001,"300,000 -",Compuertas. -,,CAÑAMARES,PALMACES DE JADRAQUE,TAJO
,"PARRALILLO, EL",,Explotación,COMUNIDAD DE REGANTES DE ALDEA S. NICOLAS,S. ALONSO VEGA,,01-01-1971,--,-755170,3162455,Riego                                             -  -,-  -,,"66,300","13,000","473,000","613,000",,Gravedad,"68,090","150,700","347,000","278,910","289,910","108,770",000,-,001,"524,590 -","No, Labio fijo -",,BARRANCO ALDEA,TEJEDA Y ARTENARA,LAS PALMAS
,PASADA DEL CAMELLO,,Explotación,EULZICO AHIERS,J-AMIGO DE LARA,,31-12-1954,--,-860483,3195027,Riego                                             -  -,-  -,,"7,800","0,000","0,000","0,000",,Gravedad,"24,000","46,000","235,000","211,000","0,000","8,500",000,-,001,"70,000 -","No, Labio fijo -",,CHABUGO,GUIA DE ISORA,TENERIFE
,"PASTIZALES, LOS",,Explotación,J.L. ALVAREZ CEPEDA,J. SUARDIAZ ALVAREZ - A. ALANDO,,31-12-1964,--,0352216,4363403,Abastecimiento                                    -  - Riego,-  -,,"8,000","1,000","500,000","42,000",,Materiales sueltos homogenea,"13,500","230,000","569,000","555,500","558,500","0,000",000,-,001,"83,000 -","No, Labio fijo -",,VALDELARQUILLO (VALDESEQUILLOS),HELECHOSA DE LOS MONTES,GUADIANA
,PEDRO MARIN,,Explotación,SEVILLANA DE ELECTRICIDAD,A DEL AGUILA,,31-12-1954,--,0463739,4196379,Hidroeléctrico                                    -  - Riego,-  -,,"9050,500","0,000","0,000","2400,000",,Gravedad,"32,000","190,000","322,500","290,500","297,000","40,000",000,-,001,"2400,000 -",Compuertas. -,,GUADALQUIVIR,JODAR,GUADALQUIVIR
,PEÑARROYA,,Explotación,ESTADO,G.HERAS,A,01-01-1959,--,0499519,4323754,Abastecimiento                                    -  - Riego,-  -,,"882,000","106,000","424,000","560,000",,Gravedad,"50,000","250,000","737,500","687,500","702,500","150,000",001,"0,000 -",001,"540,000 -","No, Labio fijo -",,GUADIANA,ARGAMASILLA DE ALBA,GUADIANA
,"PEÑASCALES, LOS",,Explotación,F. GONZALEZ OLIVARES,P.JIMENEZ NUÑEZ,,31-12-1962,--,0424055,4492013,Abastecimiento                                    -  - Riego,-  -,,"3300,000","0,000","0,000","0,000",,Gravedad,"18,300","179,000","740,300","722,000","724,300","0,000",000,-,001,"82,000 -","No, Labio fijo -",,ARROYO TROFA,TORRELODONES,TAJO
,"PEÑITAS, LAS",,Explotación,PATRONATO LAS PEÑITAS,L.NIEVA,,01-01-1963,--,-591258,3192419,Riego                                             -  -,-  -,,"5,000","0,000","0,000","0,000",,Gravedad,"22,000","122,000","0,000","0,000","0,000","19,000",000,-,001,"0,000 -","No, Labio fijo -",,PALMAS,PAJARA,LAS PALMAS
,"PEREZ, LOS",,Explotación,COMUNIDAD DE REGANTES DE NORTE,J-ALONSO URQUIJO,,01-01-1955,--,-750857,3168391,Riego                                             -  -,-  -,,"19,230","0,000","0,000","0,000",,Gravedad,"45,000","113,000","820,000","775,000","775,000","51,000",000,-,001,"47,587 -","No, Labio fijo -",,BARRANCO HONDO,ARTENARA,LAS PALMAS
,PIEDRA AGUDA,,Explotación,JUNTA DE EXTREMADURA,G.VALERO,,01-01-1956,--,0149904,4289973,Abastecimiento                                    -  - Riego,-  -,,"217,000","0,000","0,000","360,000",,Gravedad,"30,450","213,000","226,450","196,000","200,300","35,700",000,-,001,"850,000 -","No, Labio fijo -",,OLIVENZA,OLIVENZA,GUADIANA
,PIEDRAS,,Explotación,JUNTA DE ANDALUCÍA,C.TORRES Y F. DAMBORENEA,A,31-12-1968,--,0122023,4144432,Abastecimiento                                    -  - Riego,-  -,,"200,000","13,000","535,000","750,000",,Materiales sueltos P hormigón,"40,000","620,000","74,000","34,000","36,000","465,000",001,"0,000 -",001,"750,000 -","No, Labio fijo -",,PIEDRAS,"CARTAYA, LEPE",C. ATLÁNTICA ANDALUZA
,PILETAS,,Explotación,H.C. RODRIGUEZ,S.BENITEZ,,01-01-1952,--,-731834,3171343,Riego                                             -  -,-  -,,"0,480","0,000","0,000","0,000",,Gravedad,"24,000","148,400","230,000","206,000","206,000","27,000",000,-,001,"72,411 -","No, Labio fijo -",,BARRANCO PILETAS,SAN LORENZO,LAS PALMAS
,"PINTADO, EL",,Explotación,ESTADO,V. GLEZ. GIMENEZ,A,31-12-1948,--,0240470,4208350,Hidroeléctrico                                    -  - Riego,-  -,,"1100,000","0,000","0,000","1762,000",,Gravedad,"86,500","356,000","342,500","256,000","261,500","353,840",001,"130,000 -",001,"1400,000 -",Compuertas. -,,VIAR,CAZALLA DE LA SIERRA,GUADALQUIVIR
,"PINTADO, EL (DERIVACION)",,Explotación,ESTADO,E.GRAJERA DE LEON,C,31-12-1940,--,0243255,4190470,Riego                                             -  -,-  -,,"1100,000","0,000","0,000","1500,000",,Gravedad,"9,500","164,000","81,550","72,050","74,050","6,000",001,"10,000 -",001,"1500,000 -","No, Labio fijo -",,VIAR,ALMADEN DE LA PLATA,GUADALQUIVIR
,"PINTOR, EL",,Explotación,COMUNIDAD DE REGANTES DE EL PINTOR,S. BENITEZ,,01-01-1956,--,-732620,3169103,Riego                                             -  -,-  -,,"2,340","0,000","0,000","0,000",,Gravedad,"30,000","120,000","305,000","275,000","275,000","12,000",000,-,001,"6,908 -","No, Labio fijo -",,BARRANCO TAMARACEITE,"PALMAS DE GRAN CANARIA, LAS",LAS PALMAS
,PUENTE DE LA CERRADA,,Explotación,ESTADO,J.VISEDO,B,31-12-1963,--,0483505,4201425,Hidroeléctrico                                    -  - Riego,-  -,,"1095,000","0,000","0,000","1151,000",,Gravedad,"22,050","146,500","372,500","350,450","359,000","19,300",001,"70,000 -",001,"1370,000 -",Compuertas. -,,GUADALQUIVIR,"JODAR, PEAL BECERRO",GUADALQUIVIR
,QUENTAR,,Explotación,ESTADO,C. FDEZ. CASADO,A,01-01-1975,--,0461175,4117647,Abastecimiento                                    -  - Riego,-  -,,"101,500","0,000","0,000","600,000",,Bóveda,"133,000","200,000","1041,000","908,000","935,000","227,000",001,"37,500 -",001,"600,000 -",Compuertas. -,,AGUAS BLANCAS,QUENTAR,GUADALQUIVIR
,"REGAJO, EL",,Explotación,ESTADO,E. FELTRER,A,31-10-1959,--,0711744,4418559,Riego                                             -  -,-  -,,"450,000","82,000","371,000","438,000",,Gravedad,"27,530","383,000","406,530","379,000","382,200","43,200",001,"42,000 -",001,"315,000 -",Compuertas. -,,PALANCIA,JERICA,JÚCAR
,REQUEJADA,,Explotación,ESTADO,J. FEDZ. MORENO,A,31-12-1940,--,0375507,4751818,Abastecimiento                                    -  - Riego,-  -,,"247,000","193,000","0,000","400,000",,Gravedad,"57,000","200,000","1083,000","1026,000","1030,500","97,000",000,-,001,"450,000 -",Compuertas. -,,PISUERGA,CERVERA DE PISUERGA,DUERO
,RETORTILLO,,Explotación,ESTADO,J.A. VIGUERAS Y M.A. RUIZ AZUA,A,01-01-1970,--,0293165,4191105,Abastecimiento                                    -  - Riego,-  -,,"311,000","0,000","0,000","600,000",,Gravedad,"53,000","156,000","189,000","136,000","152,000","87,160",001,"29,220 -",001,"618,000 -",Compuertas. -,,RETORTILLO,"HORNACHUELOS, PUEBLA DE INFANTES",GUADALQUIVIR
,"REY, DEL",,Explotación,ESTADO,J.L. MIRANDA,C,31-12-1971,--,0453964,4461241,Riego                                             -  -,-  -,,"8800,000","0,000","0,000","2880,000",,Gravedad,"11,000","110,470","526,640","515,640","520,260","60,700",002,"0,000 - 0,000",001,"2000,000 -",Compuertas. -,,JARAMA,RIVAS-VACIAMADRID,TAJO
,ROSARITO,,Explotación,ESTADO,F. PEREZ DE LA TORRE,A,31-12-1958,--,0302082,4442874,Riego                                             -  -,-  -,,"1754,000","901,500","1043,000","1587,000",,Gravedad,"37,500","123,350","308,800","271,300","283,700","63,000",001,"150,000 -",001,"1560,000 -",Compuertas. -,,TIETAR,"OROPESA, CANDELEDA",TAJO
,ROSARITO (DIQUE DEL COLLADO),,Explotación,ESTADO,F-PEREZ DE LA TORRE,A,31-12-1958,--,0302065,4442890,Hidroeléctrico                                    -  - Riego,-  -,,"0,000","0,000","0,000","0,000",,Materiales sueltos homogenea,"4,070","2650,000","308,800","304,730","305,530","60,960",000,-,000,-,-,,ARROYO DEL MOJÓN,"OROPESA, CANDELEDA",TAJO
,RUMBLAR,,Explotación,ESTADO,F-MELLIZO,A,31-12-1941,--,0429670,4224281,Abastecimiento                                    -  - Riego,-  -,,"550,000","0,000","0,000","576,000",,Gravedad,"68,000","220,000","344,000","276,000","284,000","162,340",001,"55,000 -",001,"485,000 -","No, Labio fijo -",,RUMBLAR,BAÑOS DE LA ENCINA,GUADALQUIVIR
,SALOR,,Explotación,"JUNTA DE EXTREMADURA, C.A.C.",G-VALERO,A,01-01-1964,--,0214873,4362570,Riego                                             -  -,-  -,,"160,000","0,000","0,000","300,000",,Gravedad,"21,400","612,500","398,100","376,700","382,700","30,650",001,"0,000 -",001,"300,000 -","No, Labio fijo -",,SALOR,CACERES,TAJO
,SALVAINDIA,,Explotación,J. DEL RIO AMOR,,,01-01-1940,--,-730322,3159750,Riego                                             -  -,-  -,,"0,640","0,000","0,000","0,000",,Gravedad,"16,000","86,000","360,000","344,000","344,000","6,000",000,-,000,-,-,,BARRANCO HOYA DE LOS MANRIQUES,TEIDE,LAS PALMAS
,SAN JOSE,,Explotación,ESTADO,J-CAMARA RICA,A,31-12-1941,--,0310275,4586175,Abastecimiento                                    -  - Riego,-  -,,"38900,000","3959,000","0,000","2500,000",,Gravedad,"17,300","156,000","660,000","642,700","644,750","48,020",000,-,002,"2500,000 - 0,000",Compuertas. - Compuertas.,,DUERO,CASTRONUÑO,DUERO
,SAN PONS,,Explotación,AUTONOMIA GENERALITAT CATALUÑA,J-M-COMTE,A,31-12-1957,--,0882050,4656262,Riego                                             -  - Abastecimiento,-  -,,"117,000","435,000","700,000","865,000",,Gravedad,"60,000","311,000","531,500","472,000","485,000","195,000",002,"70,000 - 12,000",001,"733,780 -",Compuertas. -,,CARDONER,CLARIANA DE CARDENER,C.I. CATALUÑA
,SANTA BRIGIDA,,Explotación,CDAD. SATAUTEJO Y LA HIGUERA,,,01-01-1954,--,-735048,3163518,Riego                                             -  -,-  -,,"8,320","0,000","0,000","0,000",,Gravedad,"20,000","95,000","560,000","540,000","540,000","10,000",000,-,001,"50,000 -","No, Labio fijo -",,BARRANCO GUINIGUADA,SANTA BRIGIDA,LAS PALMAS
,SANTA TERESA,,Explotación,ESTADO,L. DIAZ CANEJA PANDO,A,31-12-1960,--,0280229,4505515,Hidroeléctrico                                    -  - Riego,-  -,,"1853,000","680,000","639,400","2050,000",,Gravedad,"58,500","517,000","887,200","828,700","832,700","385,570",002,"0,000 - 0,000",001,"2050,000 -",Compuertas. -,,TORMES,MONTEJO,DUERO
,SANTA TERESA (DIQUE DEL COLLADO),,Explotación,ESTADO,L. DIAZ CANEJA PANDO,A,31-12-1960,--,0280260,4505530,Hidroeléctrico                                    -  - Riego,-  -,,"1853,000","639,400","680,000","2050,000",,Gravedad,"15,000","165,000","886,900","871,900","874,200","10,000",000,-,000,-,-,,TORMES,MONTEJO,DUERO
,SANTOMERA,,Explotación,ESTADO,A.BOTÍA PANTOJA,A,31-12-1965,--,0667730,4218323,Defensa frente a avenidas                         -  - Riego,-  -,,"453,000","28,320","338,000","1000,000",,Gravedad,"51,500","205,790","101,500","50,000","64,500","103,210",001,"23,720 -",001,"296,000 -",Compuertas. -,,RAMBLA DE SANTOMEA,SANTOMERA,SEGURA
,SANTOMERA (DIQUE DEL COLLADO),,Explotación,ESTADO,A. BOTIA PANTOJA,A,31-12-1965,--,0667635,4218190,Defensa frente a avenidas                         -  - Riego,-  -,,"453,000","28,320","338,000","1000,000",,Gravedad,"21,500","146,100","101,500","80,000","87,900","22,140",000,-,000,-,-,,SALADA,SANTOMERA,SEGURA
,SICHAR,,Explotación,ESTADO,R. AZCOITI,A,30-04-1960,--,0736393,4432556,Regulación                                        -  - Riego,-  -,,"2334,000","158,000","320,000","1800,000",,Gravedad,"58,000","581,000","167,500","109,500","113,500","288,000",001,"60,000 -",001,"1800,000 -",Compuertas. -,,MIJARES,ONDA,JÚCAR
,SICHAR DERIVACIÓN,,Explotación,ESTADO,,C,31-03-1972,--,0737561,4431406,Riego                                             -  -,-  -,,"2338,000","158,000","320,000","0,000",,Gravedad,"11,200","60,000","109,600","98,400","106,300","0,000",000,-,001,"16,000 -","No, Labio fijo -",,MIJARES,ONDA,JÚCAR
,"SOLANA, LA",,Explotación,MARÍA SOLEDAD Y ASUNCIÓN SALAMANCA LAFFITTE,,C,01-01-1955,--,0121529,4390838,Riego                                             -  -,-  -,,"6,600","52,000","530,000","0,000",,Gravedad,"8,000","259,000","321,000","313,000","315,000","3,000",001,"0,200 -",001,"29,000 -","No, Labio fijo -",,ARROYO CABRIOSO,HERRERA DE ALCANTARA,TAJO
,SORIA,,Explotación,COMUNIDAD DE AGUAS DE LA LUMBRE,F-PEREZ Y L. FEDRIANI,,01-01-1972,--,-752335,3152243,Riego                                             -  -,-  -,,"32,500","2,000","450,000","170,000",,Bóveda,"132,000","148,450","610,000","478,000","490,000","211,680",001,"70,000 -",001,"120,000 -","No, Labio fijo -",,BARRANCO SORIA,SAN BARTOLOME DE TIRAJANA,LAS PALMAS
,TAIBILLA,,Explotación,ESTADO. MANCOMUNIDAD CANALES TAIBILLA,A. SANCHEZ,A,30-06-1973,--,0564582,4227685,Abastecimiento                                    -  - Riego,-  -,,"327,000","5,390","366,000","545,000",,Materiales sueltos núcleo arcilla,"39,000","271,000","956,300","917,300","922,300","590,000",001,"1,420 -",001,"510,000 -","No, Labio fijo -",,TAIBILLA,NERPIO,SEGURA
,TAIBILLA (TOMA),,Explotación,ESTADO. MANCOMUNIDAD CANALES TAIBILLA,J. ABOLLADO ARIBAU,B,31-12-1942,--,0563940,4231996,Riego                                             -  - Abastecimiento,-  -,,"375,000","23,100","366,000","746,000",,Gravedad,"23,500","56,700","822,000","798,500","805,500","10,000",001,"0,000 -",001,"670,000 -",Compuertas. -,,TAIBILLA,NERPIO,SEGURA
,TAMADABA,,Explotación,J. SANSO ENRIQUEZ,R. GONZALEZ NEGRIN,,01-01-1954,--,-751970,3170636,Riego                                             -  -,-  -,,"0,510","0,000","0,000","0,000",,Gravedad,"15,000","163,000","1030,000","1015,000","1015,000","1,840",000,-,001,"17,317 -","No, Labio fijo -",,BARRANCO LOS ANCONES,AGAETE,LAS PALMAS
,TAMAIDE,,Explotación,PARTICULAR,P. ARCE,,31-12-1956,--,-846355,3184324,Riego                                             -  -,-  -,,"0,000","0,000","0,000","0,000",,Gravedad,"25,000","115,000","625,000","600,000","0,000","7,000",000,-,001,"14,000 -","No, Labio fijo -",,TAMAIDE,SAN MIGUEL,TENERIFE
,TAMARACEITE,,Explotación,GUERRA G.S.L.,R. GONZALEZ NEGRIN,,01-01-1954,--,-729878,3171848,Riego                                             -  -,-  -,,"21,760","0,000","0,000","0,000",,Gravedad,"18,000","35,000","196,000","178,000","180,000","16,400",000,-,001,"43,472 -","No, Labio fijo -",,BARRANCO TAMARACEITE,"PALMAS DE GRAN CANARIA, LAS",LAS PALMAS
,TAMUJAR,,Explotación,A. CARRASCO Y F. ALBA,J-SAURA MARTINEZ,,31-12-1974,--,0249574,4196269,Riego                                             -  -,-  -,,"12,530","0,000","0,000","46,000",,Materiales sueltos homogenea,"16,000","120,000","474,000","458,000","460,500","11,700",000,-,001,"59,000 -","No, Labio fijo -",,TAMUJAR,CAZALLA DE LA SIERRA,GUADALQUIVIR
,TIJOCO,,Explotación,U-AGRICOLA HOYA GRANDE,,,31-12-1948,--,-858726,3192933,Riego                                             -  -,-  -,,"0,470","0,000","0,000","0,000",,Gravedad,"19,000","67,000","390,000","371,000","0,000","6,800",000,-,001,"29,000 -","No, Labio fijo -",,MORADAS,ADEJE,TENERIFE
,TIRAJANA,,Explotación,HEREDAD DE SARDINA Y ALDEA BLANCA,A. CAÑAS - S. ALONSO - B. OLIDEN,,01-01-1974,--,-739446,3148429,Riego                                             -  -,-  -,,"42,000","1,000","340,000","555,000",,Materiales sueltos núcleo arcilla,"74,000","160,000","400,000","326,000","356,000","380,000",000,-,001,"430,000 -","No, Labio fijo -",,BARRANCO TIRAJANA,SANTA LUCIA,LAS PALMAS
,"TORCAS, LAS",,Explotación,ESTADO,N-LIRIA Y F. GOMEZ SIMON,A,31-12-1946,--,0660235,4573209,Abastecimiento                                    -  - Riego,-  -,,"456,000","30,000","425,000","294,000",,Gravedad,"37,430","100,500","624,700","587,270","594,270","12,790",001,"15,000 -",001,"240,000 -","No, Labio fijo -",,HUERVA,TOSOS,EBRO
,TORONJO,,Explotación,DIEGO VEGA GARRIDO,J-ALONSO URQUIJO,,01-01-1968,--,-737259,3163638,Riego                                             -  -,-  -,,"1,730","0,000","0,000","0,000",,Gravedad,"17,000","74,000","729,000","712,000","712,000","5,000",000,-,001,"4,980 -","No, Labio fijo -",,BARRANCO TORONJO,VEGA DE SAN MATEO,LAS PALMAS
,TORRE DEL AGUILA,,Explotación,ESTADO,M-COMINGES Y A. LOPEZ,A,31-12-1947,01-01-1961,0254802,4103394,Riego                                             -  -,-  -,,"460,000","0,000","0,000","700,000",,Materiales sueltos homogenea,"42,000","290,000","55,000","13,000","26,000","250,200",001,"45,000 -",001,"700,000 -","No, Labio fijo -",,SALADO DE MORON,UTRERA,GUADALQUIVIR
,TORRELARA,,Explotación,JOSÉ M. MURO-LARA,J-VARELA DE VEGA,C,31-12-1971,--,0371042,4526981,Riego                                             -  -,-  -,,"38,000","0,000","0,000","0,000",,Materiales sueltos homogenea,"10,000","200,000","941,000","931,000","933,000","40,730",001,"0,000 -",001,"45,000 -","No, Labio fijo -",,MAGDALENA,MUÑOPEDRO,DUERO
,TOZO,,Explotación,MARIA VICTORIA SANZ GUTIERREZ,L-CANALEJO,C,01-01-1962,--,0258781,4384708,Riego                                             -  -,-  -,,"0,000","0,000","0,000","80,000",,Gravedad,"6,050","227,000","449,150","443,100","444,100","5,000",000,-,001,"80,000 -","No, Labio fijo -",,TOZO,TORRECILLAS DE LA TIESA,TAJO
,TRANCO DE BEAS,,Explotación,ESTADO,F-BRIONES-C.H. GUADALQUIVIR,A,31-12-1944,--,0518004,4225445,Hidroeléctrico                                    -  - Riego,-  -,,"550,000","177,000","739,000","2200,000",,Gravedad,"93,000","290,000","643,000","550,000","559,500","230,000",001,"104,000 -",001,"1100,000 -",Compuertas. -,,GUADALQUIVIR,VILLANUEVA DEL ARZOBISPO,GUADALQUIVIR
,"TRANQUERA, LA",,Explotación,ESTADO,C. SANCHO REBULLIDA,A,31-12-1959,--,0600522,4568949,Abastecimiento                                    -  - Riego,-  -,,"1470,000","146,000","388,000","1470,000",,Gravedad,"80,500","227,000","687,500","607,000","644,000","230,000",001,"170,000 -",001,"1320,000 -",Compuertas. -,,PIEDRA,CARENAS,EBRO
,ULLDECONA,,Explotación,ESTADO,"L. BERMEJO, E. MILLARES, J. SANCHO",A,01-01-1967,01-01-1984,0773861,4507456,Riego                                             -  -,-  -,,"126,000","37,600","785,800","167,000",,Gravedad,"61,000","167,000","479,830","418,830","429,330","129,000",001,"47,000 -",001,"400,000 -",Compuertas. -,,CENIA,"PUEBLA DE BENIFASAR, LA",JÚCAR
,"UMBRIA, LA",,Explotación,AYUNTAMIENTO DE LAS PALMAS,M. GONZALEZ,,01-01-1970,--,-733391,3167279,Riego                                             -  -,-  -,,"0,350","0,000","0,000","5,000",,Gravedad,"25,000","200,250","571,000","546,000","547,000","25,000",000,-,001,"4,387 -","No, Labio fijo -",,BARRANCO CASTILLEJO,"PALMAS DE GRAN CANARIA, LAS",LAS PALMAS
,VADIELLO,,Explotación,ESTADO,J-RUIZ DE AZUA,A,31-12-1971,--,0724831,4680585,Abastecimiento                                    -  - Riego,-  -,,"95,000","33,000","750,000","325,000",,Gravedad,"85,000","126,000","748,500","663,500","678,000","12,000",001,"37,000 -",001,"360,000 -",Compuertas. -,,GUATIZALEMA,LOPORZANO,EBRO
,VALBONA,,Explotación,ESTADO,J-SANCHO TELLO,A,23-04-1959,--,0685680,4458155,Riego                                             -  -,-  -,,"42,000","4,810","382,000","100,000",,Gravedad,"15,340","194,000","980,400","965,060","969,200","8,950",001,"4,900 -",001,"100,000 -","No, Labio fijo -",,VALBONA,VALBONA,JÚCAR
,VALBONA (DIQUE DEL COLLADO 1),,Explotación,ESTADO,J-SANCHO TELLO,A,23-04-1959,--,0685680,4458155,Riego                                             -  -,-  -,,"42,000","4,810","382,000","100,000",,Materiales sueltos homogenea,"7,940","139,800","980,400","972,460","973,400","12,830",000,-,000,-,-,,VALBONA,VALBONA,JÚCAR
,VALBONA (DIQUE DEL COLLADO 2),,Explotación,ESTADO,J-SANCHO TELLO,C,23-04-1959,01-01-1960,0685680,4458155,Riego                                             -  -,-  -,,"42,000","4,810","382,000","100,000",,Materiales sueltos homogenea,"3,330","162,450","980,400","977,070","978,070","2,950",000,-,000,-,-,,VALBONA,VALBONA,JÚCAR
,VALBONA (DIQUE DEL COLLADO 3),,Explotación,ESTADO,J-SANCHO TELLO,A,23-04-1959,--,0685311,4458523,Riego                                             -  -,-  -,,"42,000","4,810","382,000","100,000",,Materiales sueltos homogenea,"8,970","230,300","980,400","971,430","972,400","20,320",000,-,000,-,-,,VALBONA,VALBONA,JÚCAR
,VALDECABRAS (ARROYO),,Explotación,LOS CHOPOS DE VILLAVERDE S.L,F-ZAPATA TEJEDOR,,31-12-1965,--,0420490,4393145,Riego                                             -  -,-  -,,"40,000","0,000","0,000","81,000",,Gravedad,"9,500","290,000","728,000","718,500","720,000","4,000",000,-,001,"81,000 -","No, Labio fijo -",,VALDECABRAS,ORGAZ,TAJO
,VALDECAÑAS,,Explotación,IBERDROLA GENERACION S.A.,D.MNEZ.BOUDES Y M. CASTILLO,A,01-01-1964,--,0276345,4406515,Hidroeléctrico                                    -  - Riego,-  -,,"36540,000","4054,000","400,000","4700,000",,Bóveda,"98,000","290,000","317,000","219,000","233,000","270,000",001,"300,000 -",002,"3000,000 - 3000,000",Compuertas. - Compuertas.,,TAJO,BELVIS DE MONROY Y CAÑAS DE TAJO,TAJO
,VALDEOBISPO,,Explotación,ESTADO,F-SAENZ OIZA,A,01-01-1965,--,0222665,4444086,Hidroeléctrico                                    -  - Riego,-  -,,"2440,000","914,000","947,000","3150,000",,Gravedad,"57,000","135,000","312,000","255,000","261,000","90,000",001,"24,000 -",001,"2750,000 -",Compuertas. -,,ALAGON,"VALDEOBISPO, MONTEHERMOSO",TAJO
,VALDESAMARIO,,Explotación,ESTADO,R-LOPEZ GONZALEZ,A,31-12-1968,--,0244136,4770732,Regulación                                        -  - Riego,-  -,,"20,200","17,420","1150,000","40,000",,Arco Gravedad,"12,140","40,280","1215,500","1203,360","1206,680","1,000",001,"0,000 -",001,"80,000 -","No, Labio fijo -",,VALDESAMARIO,VALDESAMARIO,DUERO
,VALDESPINA,EMBALSE DE BARRIO,Explotación,COMUNIDAD DE REGANTES AYO. DE VALDESPINA,,C,01-01-1940,--,0302950,4731030,Riego                                             -  -,-  -,,"7,280","0,000","0,000","5,182",,Materiales sueltos homogenea,"10,000","106,000","0,000","0,000","0,000","0,000",001,"0,000 -",002,"0,000 - 0,000","Compuertas. - No, Labio fijo",,ARROYO VALDESPINA,SANTA COLOMBA DE CURUEÑO,DUERO
,VALERON,,Explotación,CDAD. VALERON Y S. FELIPE,J-ALONSO URQUIJO,,01-01-1964,--,-743490,3177341,Riego                                             -  -,-  -,,"5,900","0,000","0,000","0,000",,Gravedad,"30,000","62,500","205,000","175,000","180,000","15,000",000,-,001,"4,276 -","No, Labio fijo -",,BARRANCO VALERON,GUIA DE GRAN CANARIA,LAS PALMAS
,VALUENGO,,Explotación,JUNTA DE EXTREMADURA,INC,,01-01-1959,--,0178405,4245838,Hidroeléctrico                                    -  - Riego,-  -,,"1254,000","0,000","0,000","1160,000",,Gravedad,"32,740","197,000","298,620","265,880","270,000","35,200",000,-,001,"1779,000 -",Compuertas. -,,ARDILA,JEREZ DE LOS CABALLEROS,GUADIANA
,"VAQUERO, EL",,Explotación,CABILDO DE GRAN CANARIA,A. CAÑAS BARRERA Y D. DE LA FE MARRERO,,01-01-1971,--,-754407,3166392,Riego                                             -  -,-  -,,"1,150","0,000","0,000","0,000",,Gravedad,"40,500","126,000","865,500","825,000","825,000","46,000",000,-,001,"3,574 -","No, Labio fijo -",,BARRANCO EL VAQUERO,AGAETE,LAS PALMAS
,"VICARIO, EL",,Explotación,ESTADO,M-BARREDA,B,31-12-1973,--,0413946,4324550,Riego                                             -  -,-  -,,"16050,000","40,000","450,000","2500,000",,Gravedad,"21,500","173,000","601,500","580,000","583,000","25,910",001,"0,000 -",001,"1500,000 -",Compuertas. -,,GUADIANA,CIUDAD REAL,GUADIANA
,"VID III, LA",,Explotación,LUIS RODRIGUEZ-ARIAS SANCHEZ,J-M-BACH ROCA,C,01-01-1959,01-01-1970,0250083,4407365,Riego                                             -  -,-  -,,"106,000","27,000","450,000","200,000",,Gravedad,"19,000","92,500","325,200","306,200","308,000","4,170",001,"5,600 -",001,"200,000 -",Compuertas. -,,VID,TORREJON EL RUBIO,TAJO
,VILASOUTO,,Explotación,ESTADO,F. TORRES Y M. ANDREU,A,31-12-1969,--,0137208,4732817,Riego                                             -  -,-  -,,"49,500","0,000","0,000","225,000",,Gravedad,"59,000","335,500","476,000","417,000","427,000","155,000",001,"16,000 -",001,"225,000 -","No, Labio fijo -",,MAO,"INCIO, O",NORTE
,VILLAFRANCA,,Explotación,"ENDESA GENERACIÓN, S.A.- U.P.H. SUR",C-MENDOZA,C,01-01-1948,--,0359660,4202300,Hidroeléctrico                                    -  - Riego,-  -,,"23639,000","0,000","0,000","3900,000",,Gravedad,"15,670","277,000","124,170","108,500","110,350","17,860",001,"30,000 -",001,"3600,000 -",Compuertas. -,,GUADALQUIVIR,VILLAFRANCA DE CORDOBA,GUADALQUIVIR
,VILLAMECA,,Explotación,ESTADO,JOSE SUAREZ SINOVA,A,31-12-1947,--,0247863,4726637,Hidroeléctrico                                    -  - Riego,-  -,,"50,000","19,600","675,000","174,000",,Gravedad,"39,000","205,750","1009,900","970,900","978,900","88,000",001,"0,000 -",001,"174,000 -",Compuertas. -,,TUERTO-VALLE (TUERTO),QUINTANA DEL CASTILLO,DUERO
,VILLAMECA (DIQUE DEL COLLADO 1),,Explotación,ESTADO,JOSÉ SUAREZ SINOVA,A,31-12-1947,--,0249286,4726577,Hidroeléctrico                                    -  - Riego,-  -,,"50,000","19,600","675,000","174,000",,Gravedad,"13,500","296,000","1009,900","996,400","998,900","7,200",000,-,000,-,-,,TUERTO-VALLE (TUERTO),QUINTANA DEL CASTILLO,DUERO
,VILLAMECA (DIQUE DEL COLLADO 2),,Explotación,ESTADO,JOSÉ SUAREZ SINOVA,A,31-12-1947,--,0250694,4726507,Hidroeléctrico                                    -  - Riego,-  -,,"50,000","19,600","675,000","174,000",,Gravedad,"6,600","269,000","1009,900","1003,300","1005,900","3,100",000,-,000,-,-,,TUERTO-VALLE (TUERTO),QUINTANA DEL CASTILLO,DUERO
,"VISTILLA, LA / ROSALES",,Explotación,COMUNIDAD DE REGANTES DE LA VISTILLA,M-GONZALEZ,,01-01-1950,--,-738052,3175006,Riego                                             -  -,-  -,,"0,840","0,000","0,000","0,000",,Gravedad,"24,000","90,000","266,000","242,000","242,000","11,000",000,-,000,-,-,,BARRANCO ROSALES,FIRGAS,LAS PALMAS
,ZOCUECA,,Explotación,ESTADO,F. MARTINEZ TOURNE,A,31-12-1940,--,0427175,4217080,Riego                                             -  - Abastecimiento,-  -,,"550,000","94,000","613,000","774,000",,Gravedad,"17,000","107,000","262,000","245,000","247,500","9,000",000,-,001,"485,000 -","No, Labio fijo -",,RUMBLAR,GUARROMÁN,GUADALQUIVIR
